path,bytes,sha256
01_protocol.md,1414,5A60B8C6B75E563F5A753BBDD840C016FE0682084F224B24E8B2DB45C84CB37B
02_frozen_contract.md,778,8542DD40C0875FDA8F8EA44C9F248CD828CDCC656E6F7FCB0E6A24B7E70732EC
03_h1_closed_loop_summary.csv,2317,863AD02F7DDE40B386FE572102CABFD578E12397FD1447560787CE743C290436
04_h4_closed_loop_summary.csv,2825,1EA45913F76CD69F5D6C00CEF7FA65457E78D53EEB199E8BC1362D63B6150EC2
05_core_metric_comparison.csv,1717,71DB20C0C561A3DCBF3D54D2276FF17C5D06349888824F3B252B1F0EABD2C658
06_daily_block_comparison.csv,62103,F3F5570146DF1EB40E8FB850D5F10808ED4B4BC38011B8EF09AB71DB07EDE035
07_weekly_block_comparison.csv,9931,EAD6E4D264E1DD8603DCD86B400ADEDD805C564461AB0CC6CBC621FB9DFC56EC
08_sla_analysis.csv,886,AC700601820B9309D303D628C75A640AF4B198238B097DA87E3ED4D26CA781EE
09_waiting_analysis.csv,624,BD1CC9ADEDB69345C4F2F3A94B50F69F34CA4A34C3FED1B24C474A951BD31A37
10_completion_analysis.csv,587,DFC2CC9AD7AF94F1CBBF4F8681F4E8F39AB7DB80ED8FCD5313FB4D6355F3F1CA
11_electricity_analysis.csv,605,5C3C7F6906892884F7A2E9575C27887240EF3B4FDA24DC8ACB004D0E71729E3E
12_carbon_analysis.csv,653,B0FEA3E045DF427E475F47DB7E385C72AA5A6BE55419BB7661AA401C29AE7313
13_transmission_analysis.csv,207,1B6B7F8F4BF14F8692DCC5304D28F2D9D87037DFAE58A08AB755755531F021FA
14_migration_analysis.csv,249,CE85C4035D9F0B280767B5175C3E220E80E94075B0A6665302DE1E654A8FE212
15_backlog_analysis.csv,329,1001D52EB13A1A25F42B9B3C38142534858B9BA84BFB956ED0FA8D7DD24015BC
16_priority_analysis.csv,3863,1384FDA02A30140B204E3B95BA233527DC06E199C00D640377BA375BE28C9710
17_duration_group_analysis.csv,10941,2EFC49DAFAB797246BDE2554B7CD00737B804F0037F3E1E67F52432E0F98A9A1
18_duration_error_analysis.csv,5906,ECCC67E4009C67231E4F3C78E826F8742D371A751EF8903BE055FE3F87551AB2
19_external_pressure_analysis.csv,2518,5C48B321BB89721A5610B4E451F5DB8F27E151A72192C667CC976297A7B3E507
20_shadow_disagreement_vs_gain.csv,1837664,B16FDEB365AF41791936E55300F2EF379EA35C6EB3305DE807758EFFCD2AF4C1
21_fixed_state_action_cost_gap.csv,2646,EF1293B824135565D1E29B4D60E26AEBA84295B4EE1C5D2B640195D11E398356
22_near_equivalent_action_diagnostic.md,809,B3D3D3817DF15B450ADAE3568C2CB6759934BF2BFD0247C886DF5B049173F1B5
23_tail_drain_analysis.csv,395,D2386CC4C8BFDEF8761E151F172E37436F6E29E56016FF34DF4317092F8ECA79
24_solver_quality.csv,1271,6793E4AC16AACEE2AB7CE5D468C8964EB46AC96DAD0872BEBD0A30322D67E9A4
25_information_leakage_audit.md,888,C80CAD9DAA28DC7E9A10465662D7EAAB1DB41C85DE3247048CF765650D093EC5
26_tests.md,227,5A253CC95BB11670E4C472019597902540C60D2166E32538CFB2F8BCD45726EB
27_final_diagnosis.md,1125,FD7165F84004F7166EA9974CC2A664BD7B4DC2A68AB049430D9EF3D141E41AB5
28_summary.md,1421,FDCF5B026C3FEF8BCBC053050927B2385189B5AB7F355743051BC2911C8D2FC3
checkpoints/h1/data/decisions_00000_00249.parquet,320005,2F4B66593EC102882903E5D04048D659E706C6942E548F17C18B73B61D609B80
checkpoints/h1/data/decisions_00250_00499.parquet,288606,0801496A9BBB5E815A9C9F7CE28AE3A82C9CD78A2E006E31EDDE45931C31B848
checkpoints/h1/data/decisions_00500_00749.parquet,230376,0BAB5ECDF01862D6FC42AD25AA1B5CF82B3D0E335AA7BA065040089ADAC74724
checkpoints/h1/data/decisions_00750_00999.parquet,138720,65795AAE6C598E725CCC17231220A2E3DBBF18E576348CA019D0A96B254536FA
checkpoints/h1/data/decisions_01000_01249.parquet,223624,1AE0DD4C48A9C35CCC3F2CEC4125C2AF2D994EB88B977BD602D720A3E669E7A3
checkpoints/h1/data/decisions_01250_01499.parquet,185222,86BD2BD790D209363C76EBAD04569EA3349D7F3E8AADBAEE1960C24D70DFAC8D
checkpoints/h1/data/decisions_01500_01749.parquet,152093,E3487444B7D5557F48AEAEBBD273D4B65F64E2C24AC0074400E160D01A24431E
checkpoints/h1/data/decisions_01750_01999.parquet,191502,2303C9A6BCED2F1FA99CE4A880E5E34CDEBC0408FF57B4345D0FDC23BDF530BE
checkpoints/h1/data/decisions_02000_02249.parquet,158516,41212C9F9CEDDDF40BC7CAA850E7748FF5BD91EF919CA17AD492726808677570
checkpoints/h1/data/decisions_02250_02499.parquet,179932,D871EB29DD36266A11F543C18D48565FA99DF4D5853C0800CDC437A1BCE626A5
checkpoints/h1/data/decisions_02500_02749.parquet,151071,620C7DF7ADECCB745B7DD47CBC9E4B8EDB549DDC5C40B1BDAFF9957D320EE777
checkpoints/h1/data/decisions_02750_02999.parquet,130994,315B024A0A192D986D30E147C5D1CE33AF4FCCCBE228ACA2144E3C5CF88FE255
checkpoints/h1/data/decisions_03000_03249.parquet,205451,C71144D847D3B1F5AEFF85B871FA8F5BAF56EB7BF65886086CF3DC1C6DE28807
checkpoints/h1/data/decisions_03250_03499.parquet,152856,4600F722B4EA4AC64E480E950D71EF67361AE9935F7A59462E1D0C186AD7A725
checkpoints/h1/data/decisions_03500_03749.parquet,210435,4BF40359205D56B26288E039C81C994219943E5E47A5053A61254E1F3D9D073E
checkpoints/h1/data/decisions_03750_03999.parquet,163952,385F62AC534D2C6F52091D2848BF0FCFD4A36E0A29699E38194FAF15083480E9
checkpoints/h1/data/decisions_04000_04249.parquet,194554,CB3AAEE9AEA1AC2D557F402131D5AC20D6E2AFE48C990381BC9AB51166ACB683
checkpoints/h1/data/decisions_04250_04499.parquet,237936,B915E99C6D8CD5A694539EABD05B89F18948583FF841D4DF9EEE09BF4488BC93
checkpoints/h1/data/decisions_04500_04749.parquet,229465,D47875189957525925B757FFFB29A3513864955BBC90C034E3C001DD96F9F4C0
checkpoints/h1/data/decisions_04750_04999.parquet,210840,D158FE27A815C11421B788C0C2BF13C659E3DCCC794DE59160CC6DF46DF99F07
checkpoints/h1/data/decisions_05000_05249.parquet,333204,885B48A31341AC830AF42C2ADE7A27169AD3BF5C1F370713FE57E23651D2F39C
checkpoints/h1/data/decisions_05250_05499.parquet,318273,616E48E94BBEAC5EF3324A3238B5059FC92572A70913CB0A520FBFC550276095
checkpoints/h1/data/decisions_05500_05749.parquet,221529,774D52F9E18936ABF38B3088BFC53A39E6EE613FC509CC4FC2A4395D957436DD
checkpoints/h1/data/decisions_05750_05999.parquet,245559,12EC26A7DAFE2C40DEF334C843E70352979431E5166E4C13F2E9FAD2293B594A
checkpoints/h1/data/decisions_06000_06249.parquet,152175,43969A8113C7689F8627F7E489EBFF35061AF1687539DFFE5B35CD3427513C0B
checkpoints/h1/data/decisions_06250_06499.parquet,180612,C2ADB38665588B71035013DB6D646FAA875147B762C402A9BCCBD67D14EB0443
checkpoints/h1/data/decisions_06500_06749.parquet,219496,9A0C514B0B1B230037136C4CC9E2DD62F3890E673A6D8F711CAFCD37796E3F0A
checkpoints/h1/data/decisions_06750_06999.parquet,188244,6AAB450AC5E954481C785E7231C382EB38095F71F6ADA527023973530410BE6C
checkpoints/h1/data/decisions_07000_07249.parquet,236666,00CB1FD9342914B3F89686F8C4A5C9D0EA122ED82148838457724D1E247A820F
checkpoints/h1/data/decisions_07250_07499.parquet,248182,9BB2C98AE2571A5DAEAB31775B9EF0100701BD9E81149AC07580A307370F90DE
checkpoints/h1/data/decisions_07500_07749.parquet,215982,461E66B23CCEB579B3957E3226883D2F65278FEB8E1DF3FEF85D9A935AB94CA7
checkpoints/h1/data/decisions_07750_07999.parquet,227204,A5B2FCF847C6355EA3D3D033401317245BD88F64AA57508D34988E3F9A41A63F
checkpoints/h1/data/decisions_08000_08249.parquet,210026,A5063C5969181686B546428E90212003C518162F993EE63147F97C98CF2D0C91
checkpoints/h1/data/decisions_08250_08499.parquet,198276,E679681497C5F086AF520C80C964572625D9957C82EFC9AEDD2A21AED470DC16
checkpoints/h1/data/decisions_08500_08749.parquet,235089,EF290B277AEE1B0C01631880907630E324A9808300DB4220987EED72632C791A
checkpoints/h1/data/decisions_08750_08999.parquet,365875,3434805112994372BFD7661CC1FAF327B96D857F3D06E720B00CF15C002DA56C
checkpoints/h1/data/decisions_09000_09249.parquet,575446,E48646DCFAA80694EC59CF9E0EE3C6EE3C7567A805F8CD4A9F030B98959B9D95
checkpoints/h1/data/decisions_09250_09499.parquet,212756,C95FB6D36D128843AB251E4126EBEC1463DF2748C3E57F122055E301502740F0
checkpoints/h1/data/decisions_09500_09749.parquet,93152,4F037F08352F7A4BF3C119B5E8A6FF47C69D3926A59A45BE91855FA1DD60B756
checkpoints/h1/data/decisions_09750_09999.parquet,151500,6759B6B683C3E6BFD462FA9844617530C7E21F1B8472867F9425061A7D78DC7C
checkpoints/h1/data/decisions_10000_10249.parquet,194765,586E8AD88DF4F42630C1963456180EC143751A8ED1B6F681F7218534E20ED588
checkpoints/h1/data/decisions_10250_10499.parquet,145620,9758239D91713F5DDFCF5C5D66DF180B8726CC480B4B91E9F54DA43DF833B5A8
checkpoints/h1/data/decisions_10500_10749.parquet,245847,A89593B4AC4136F45874F48E1087749E13443D7FE508C89BA99FB73F5EF2DE9F
checkpoints/h1/data/decisions_10750_10999.parquet,177967,50E5A28FE7F1FF25B22688930165BA836E87DC1484EFF05F3EF70E4563E8EB64
checkpoints/h1/data/decisions_11000_11249.parquet,222951,BD60AA0EB8CD95A9086B18582BDF4FA5C20DAE0AE4B87B49FD2EA42ECBD26486
checkpoints/h1/data/decisions_11250_11499.parquet,240644,27ED3FB019CAD87AB157C953407D67EA56CE5CEE3CC921FF98374FAEF34303B4
checkpoints/h1/data/decisions_11500_11749.parquet,143852,5A8912204664C8A915C6BEDD61772F32966187F4A0E8D308842EA5BAD2F79D63
checkpoints/h1/data/decisions_11750_11999.parquet,252469,0E188FE705FAD2EEA6CD5FEC074EB137B6A7E65915232D2619E7D504ED886A09
checkpoints/h1/data/decisions_12000_12249.parquet,174361,5F05779F87FE99A98E55F538428EE9C152E1C0733BA53EB988307CF46032C272
checkpoints/h1/data/decisions_12250_12499.parquet,156319,DB9229F4D6067BD8A03CA7708F433F6B45259BF2038A445B03FD023A86D7EA1D
checkpoints/h1/data/decisions_12500_12749.parquet,167134,E3FF8AAB20FBE523872DDFB24C84CD5F67EADBD14F1802B27A1B944F51FAC971
checkpoints/h1/data/decisions_12750_12999.parquet,94478,D59D32468456D6FFCA0B244DC205C781ACB2F1F001C6D54933CE276F0D607B61
checkpoints/h1/data/decisions_13000_13249.parquet,134696,FABEAEA3732C299A8C9934DDF4D3F86D1394388ECE36E397CB280DE6673152DC
checkpoints/h1/data/decisions_13250_13499.parquet,157248,C7FBB423DDD95FB200416A0E70D9822AF4ABC5DAC27FA16B88C6EA82605D557F
checkpoints/h1/data/decisions_13500_13749.parquet,112900,0CFEE1DCA2134EAEB48863398D9DFBB8D102EBBB0AC5BBD657B270CF76482947
checkpoints/h1/data/decisions_13750_13999.parquet,208252,DE3AAD83DDC864EC434A8F589DCC1929D40EE181BE3E205C8B6A5CB03E42FF5B
checkpoints/h1/data/decisions_14000_14249.parquet,136404,EC23C7C4A43A3F6EDCD3FB55365A7D6B51E71CEE0F2F7D7FDD076637338AC8DA
checkpoints/h1/data/decisions_14250_14499.parquet,111429,C20DF77B77D2A58A59E5FCDF1BAB3FC35545B6BBEE1BE73D8B0C27494DC533C6
checkpoints/h1/data/decisions_14500_14749.parquet,177287,CDDDBBFCA6B361C34152301CBBFE0D7912E338D5DE25B019DDDBED2AA68F63CA
checkpoints/h1/data/decisions_14750_14999.parquet,145726,7A1DD4562E7B741892785859AC1E2604929AFB4642BF8FE2DB9FFBB3F74E2A64
checkpoints/h1/data/decisions_15000_15249.parquet,182171,3C58DB74003B83762F3E6C9B450079776B773CD2587A18556F3451FAF1BB66CB
checkpoints/h1/data/decisions_15250_15499.parquet,177143,DB8C4D86C42E588288148010D44DB704698E3D3C4B3045C76DCAA45B4C1E1DDC
checkpoints/h1/data/decisions_15500_15749.parquet,119406,AAD8071D32A7844ED699A5637F91E5AC729C35F65939AF5F44A22E493BE57662
checkpoints/h1/data/decisions_15750_15999.parquet,174511,D0253A6D7060F9F7FC0EBC82971A608F3E69F0943863C33B25AE33B74568B553
checkpoints/h1/data/decisions_16000_16249.parquet,140431,EFA7CCFA8DE26EE6B4DCEF4C95CFF493D4380A00B9D8B31392482C5F862E677F
checkpoints/h1/data/decisions_16250_16499.parquet,164417,AABF9E99D2A292D150CCC9AB5EDE9EC4E583B868C8403ED7178556D46EEA1623
checkpoints/h1/data/decisions_16500_16749.parquet,192942,B1645282F036F94EEFA7B7EF20460C6B31782012594D77975D829934073565FD
checkpoints/h1/data/decisions_16750_16999.parquet,128764,F6F109183F3453A81E6667324D8A9B8CDB8FD93CB2DE551DE91B9062312B7B55
checkpoints/h1/data/decisions_17000_17249.parquet,127018,2D4D3F7E2003F4AFF428CED64950C467CF3AE978B25F230944B9C161990BF9B4
checkpoints/h1/data/decisions_17250_17499.parquet,154279,A0A7C2085A64146E5B3092790C7799FCA052DFCCFD87AE8B54598AE0C2E00D94
checkpoints/h1/data/decisions_17500_17669.parquet,74175,4AEB46E13C8DB438B02448B11FFC3080CE23B26F229827D942DC10931D867342
checkpoints/h1/data/decisions_17670_17672.parquet,4904,011496FEA7CC13B15AF3BFA441BD2AE1537B58353C8435AF39FC918C4E672530
checkpoints/h1/data/events_00000_00249.parquet,261847,06C1A2DD6F593E381E83B7814D67A8826570D7B3E21F366EEDDC932C48724080
checkpoints/h1/data/events_00250_00499.parquet,236520,C8695D11497E3F9392336F287D8AE76D46F341F7D16F1FFEB4070CBFFEB32120
checkpoints/h1/data/events_00500_00749.parquet,170358,F34ED184F8E5B182D3B80AE1E3A3BFCC2CD13BA8C84F8F13497007EFA315250B
checkpoints/h1/data/events_00750_00999.parquet,113403,26789725D84B078D0D6C434C8E1FB3DFF499F7EEB5DE59657B858B1101658BAA
checkpoints/h1/data/events_01000_01249.parquet,154282,C396ECA49145EEE80C0FDDBB68DCA840D87B420B4708ECB795FF5E98D5B281FB
checkpoints/h1/data/events_01250_01499.parquet,139876,C026074CD02EF6FBACFFF48DCB5602F122847B33568B98798177A2B2B6FB948B
checkpoints/h1/data/events_01500_01749.parquet,110325,98689DA6CA9AFC25481D4DD6E77FA9A3D5B619B57789574C77E95678D24641AE
checkpoints/h1/data/events_01750_01999.parquet,130082,811335FAF3C706A01B6511B1EA58590FD53ABFDF9743BC17B339DB05C69B77B3
checkpoints/h1/data/events_02000_02249.parquet,120459,0FD22A16517F91BFF5DA1E6115C8A67FE6875C58C1297E2AF987DBFBE7AB669C
checkpoints/h1/data/events_02250_02499.parquet,131743,BBE93917AF3C237AE9C3971082FE98FFAF11533D4C5DD15B9DE4F111BCDB5040
checkpoints/h1/data/events_02500_02749.parquet,103591,1176682798CCADBC41567728B171F02D4C5C692EABA70C54D414A8AE50A37FB2
checkpoints/h1/data/events_02750_02999.parquet,98514,8266E579C822D2E5112ABF899D325558EFFCB1AEC6FEB6EC4A6C1D626F914E80
checkpoints/h1/data/events_03000_03249.parquet,135788,F87A53F50938A9ECFF9667929C25FFA4DEE6A4CEABBA6950EE464B24CC31D0C3
checkpoints/h1/data/events_03250_03499.parquet,100399,6F23CF62215437538FB896039A2669AC61A48C60AF146EF93946F835CFD5DC4E
checkpoints/h1/data/events_03500_03749.parquet,131807,9C1994C1814E41EE1C645A4284150F2B15D0744312B0EE67F68301D54126A8D6
checkpoints/h1/data/events_03750_03999.parquet,111818,5EFB66336515F54387132661746FA6034366B98F119583E88DC9155A6B7F3497
checkpoints/h1/data/events_04000_04249.parquet,147251,49C7A6A90DB6540B6B312343FD6308E78BEA2C453F33E412B10B9C91BC61AE0E
checkpoints/h1/data/events_04250_04499.parquet,173613,99437F4AE2B28E828919BEB95F365E2D18F63A069C86E977A38C3A69CA856D92
checkpoints/h1/data/events_04500_04749.parquet,176024,82840B31441BA1AD9BAFDD6D01911C9FDCE5CD564E9AD4E933E38E5C0BBBA52D
checkpoints/h1/data/events_04750_04999.parquet,162109,F61549DAFDC1F142FDF1E5A5FE8D699DECCA9BFEDD89F2D2BC91A845EDCF5BD8
checkpoints/h1/data/events_05000_05249.parquet,228008,FA308E2DD35A3261F5E4ADBEE37319D8BBBE1DFB4EDDBA95E69A86ADC1CC9F94
checkpoints/h1/data/events_05250_05499.parquet,226105,CEAE156CE773031934CF8F8603E8DCFCAF162572F0E52F92C275AEE2CB8EA98F
checkpoints/h1/data/events_05500_05749.parquet,153832,64E78C01D1D94CDDFA420409F7F7C54F1B4A5F1A83E2F88537B41A370CB47DB7
checkpoints/h1/data/events_05750_05999.parquet,160390,32C7B1E57B627C89065C9A6F26C9EC045AF51D7741AD4AF7D0C451BE37B8CC25
checkpoints/h1/data/events_06000_06249.parquet,102468,CF01F10981B6A14BC2A4626361EC3FF2889F700CC0B1E450D69DBBA62741B43A
checkpoints/h1/data/events_06250_06499.parquet,125739,647A3D3190D6B2673DF859509BC417C18FE9F4D0E6A0A915DA63906B0D650093
checkpoints/h1/data/events_06500_06749.parquet,173763,EF6B339C4445DD7BE8C39B51C91F1DCFAF0F1C1BAF585A4D10178D8D24378120
checkpoints/h1/data/events_06750_06999.parquet,147269,F18885044C2B248B52FC8D9B843C2340E25770339711296B3B1D0991D449ACE7
checkpoints/h1/data/events_07000_07249.parquet,186758,A2D4B831947E903481D0F06EACCB93CB088D135726E66DA65C9A1299A649A842
checkpoints/h1/data/events_07250_07499.parquet,185468,B59FAF5F1B681BA4452C0A990C6F5A1429724DD697C1C1152AF4BDE490F28A0E
checkpoints/h1/data/events_07500_07749.parquet,151183,60250A36D2E07870F979B4C01C69D30519A673C20428E7E266B2FE081E99AB08
checkpoints/h1/data/events_07750_07999.parquet,176338,066390CCED532A30B3BA44A5A3A9E24424F24BE5EA462ADA3C9B837D22F70F50
checkpoints/h1/data/events_08000_08249.parquet,149391,31C7EF26EE58FC2CF139BF68B591E015E14D2FBE93D2EC09B1C05EE838009719
checkpoints/h1/data/events_08250_08499.parquet,149290,B13D3177A55BB093B47255B3EC99C27E5040748C2A60A48C1C797A52A2CFB0B9
checkpoints/h1/data/events_08500_08749.parquet,159297,D8A6F4CE95E6AECBA363D4A3BCED66CC29DAF3C29D9DEA7627EB98629ACF7175
checkpoints/h1/data/events_08750_08999.parquet,312708,B86C79C30F30855FC7AEF2ADBEA7D65E0AD5FAA8E1D69190C542B02C922F6B29
checkpoints/h1/data/events_09000_09249.parquet,541822,BF18A215572DAFF050FE7E54BE1BAAB510416F1FF8F4729BCE3E7A95D290823D
checkpoints/h1/data/events_09250_09499.parquet,154377,7009D39636E1A69E86F6BD7A4AF9E2507334E0468CA3F2E705739664CC158787
checkpoints/h1/data/events_09500_09749.parquet,64804,8D6317483B82E5E0945D606C11100C35493D7B1546CF861C44A354841189B6E6
checkpoints/h1/data/events_09750_09999.parquet,102427,2F7D82148FA4A7D9C02B4736317603CD8F7591D26CB55F31EEE6CDE11ED9D031
checkpoints/h1/data/events_10000_10249.parquet,128325,4EEEBC196B0BD6C6953EB230E468235F820171165E850447427F1CA55F196852
checkpoints/h1/data/events_10250_10499.parquet,103834,E15B142331E66A19F5472E33B34AC1C40DFC9826EC59E4B1C655363EC3AB7EA9
checkpoints/h1/data/events_10500_10749.parquet,165021,0480E7C03182F97BD60405CB03A4E801F0F793ED5B6B13624C780313B04AD2A7
checkpoints/h1/data/events_10750_10999.parquet,133324,61546D95AC353EC7FDA50A41427F2B6F69B01885BE17BE922B10939C49BE9B5D
checkpoints/h1/data/events_11000_11249.parquet,155221,AE45CE7F590B1AC6B34F04441F70B83FDFC78CFC7AD83031735F908E18185E18
checkpoints/h1/data/events_11250_11499.parquet,179541,BD702EDE372E4EBA856EAC1199DAF93E090138B4BFA0CC80FCABB04BD3D5097A
checkpoints/h1/data/events_11500_11749.parquet,105008,254819D92BF9B5B033B2BA76E5490A7DBFD7CC6B8D80AB96D061E97902890458
checkpoints/h1/data/events_11750_11999.parquet,175599,EDC443FDD6E33195BB42B0D6E279260562A4FAEF5D09F048845680BA18E7BAEC
checkpoints/h1/data/events_12000_12249.parquet,119315,8590D700706755470DA0606DA34D60A8167B374B1A81D234FAC132E819442249
checkpoints/h1/data/events_12250_12499.parquet,110460,1A891424CE14DD782219E5949138634D373595BCA5066ADF75493CF3D62534EC
checkpoints/h1/data/events_12500_12749.parquet,117375,EBB30C3265E0B3C77136F5A9F18E79DE6EE397FD46D569BFC67045732DE4B2FD
checkpoints/h1/data/events_12750_12999.parquet,68935,95BF323E0CA28A3DF7A94FAE4FB60C7941F42488764FBDA12E64340EB43610AC
checkpoints/h1/data/events_13000_13249.parquet,100009,5C318B07FAF6CF646E16ED04D6F36A8A7F45FB1C8BB2E5BDE82A9A2FD8D4A96D
checkpoints/h1/data/events_13250_13499.parquet,105845,9D6837EE8ECC3350F2F64F53C6EE4C4F4E7BCFFA9814CDB7AB8CFF3BE2D1CF06
checkpoints/h1/data/events_13500_13749.parquet,100893,268EF93301663DD4ADBB42032B5EDFC18137D18F474019425F35690E6CA37BBF
checkpoints/h1/data/events_13750_13999.parquet,156089,D5D7D570C2C5BF3700651355E393FD0545D30E5E7BF4B67E63FCC51806D0EBD8
checkpoints/h1/data/events_14000_14249.parquet,95696,BF34828C77B42EDB5C61F318E5BECAFC7CE10AB57561E9DBE5680DC2BDD049AD
checkpoints/h1/data/events_14250_14499.parquet,79736,12B0937A805CBB12A018DA4E8BB02CF5DEB792A9B46515B8B53E5580C3DBEC6F
checkpoints/h1/data/events_14500_14749.parquet,123247,5598C0D46781FC64C0BF5A9D70E9910A2C459421913CD6052718CB4E0A8BA125
checkpoints/h1/data/events_14750_14999.parquet,105296,F76929113F0CAA272E5B2E2D260AA0699FA9362C3FD4AB6604BF31EE3D10FA34
checkpoints/h1/data/events_15000_15249.parquet,119285,7826B11520671F3FEAA9EEED6A6003C29A353BE6A06BBCB7D48DE8998749DF4B
checkpoints/h1/data/events_15250_15499.parquet,123009,D86D4EB66CAF8EC0EF6BD7ABF365A4703E14FDC94E5A32CE342FD67B6109B430
checkpoints/h1/data/events_15500_15749.parquet,83261,E3A9E6B3D4FF32B9AB6863254B575534F31D9387BD4BCCBA81DD7A225B736272
checkpoints/h1/data/events_15750_15999.parquet,127653,2C03F06CC4767C2663E976B45E57517952A209C7C66639C06DFEE3393FFD85BC
checkpoints/h1/data/events_16000_16249.parquet,105102,E8ECD562BD2BDA88B46A37A880454B809C62E7CD8584A6C7DC67712B7DE2ADBE
checkpoints/h1/data/events_16250_16499.parquet,119344,859CD876A40BF3A85517FFC82EBC80E25AB2AB044D21F8857D63C34F3F4AB85C
checkpoints/h1/data/events_16500_16749.parquet,144959,51FE272990B049BD8EF71763957F2CA60D62BD087BA578875D72B93A54C6F5EF
checkpoints/h1/data/events_16750_16999.parquet,93008,7D9CF7C1BBFCDBB1D2F2317D041EF83F33E290E3B0DF2155569EE2BA07DFF685
checkpoints/h1/data/events_17000_17249.parquet,88377,14F0AA0035F12EFE57128135C34A0658C991D7AD7BE3944A588C7643C4030302
checkpoints/h1/data/events_17250_17499.parquet,116460,06D01029DD911517C5E96B1E2384A932A27E50A065CC23F4194D5F9B23019ABE
checkpoints/h1/data/events_17500_17669.parquet,139942,22F1017E4EDB945558931D27CA2FC3F52BF1C2D52EB9D1BB4B3A94D56280E69E
checkpoints/h1/data/events_17670_17672.parquet,5072,C46DE528A5E42E4A6D386BE07520B5BBDD5C247C8E89E64FBB45D1D3EB254FA2
checkpoints/h1/data/steps_00000_00249.parquet,44045,A0FA13B75ADB8B337F4B5C5803CE951262BE7F5069B22E47608EACCC18374DE7
checkpoints/h1/data/steps_00250_00499.parquet,44215,83A2E32AC867767BB7D16B16BC2876A86973A905DEB680A448D532274E0BA67D
checkpoints/h1/data/steps_00500_00749.parquet,43420,5CFEC4BE5A0E08387B62B379A26132096D5750885EA49233EF37B555E360341E
checkpoints/h1/data/steps_00750_00999.parquet,42264,A6FA3DCC418AAB15B41F6CD61083905CBB4801DFDFA9496EC8A144F471046003
checkpoints/h1/data/steps_01000_01249.parquet,43543,E17C67F0210EA70AE3FDC988AE14840DD51FB916D7414745DC4C85C41576B5A8
checkpoints/h1/data/steps_01250_01499.parquet,43386,64FA293B2D96F71813271EC0ADB3917C643A4F9B1085AAF1D4F863130C507C07
checkpoints/h1/data/steps_01500_01749.parquet,42722,14A177C368E9F28698E90DAE08DCA6058537F9725FFAD62D242A44B296A4E8F4
checkpoints/h1/data/steps_01750_01999.parquet,43109,64C12D652A987885073558267EF4AED9533D7B1E679DD8B0F7B862C9E0947D1F
checkpoints/h1/data/steps_02000_02249.parquet,42412,9A442D68142944C113BF5BF4CBC0734BC1EAC77376FEB4CD08E54A079AAC2BA6
checkpoints/h1/data/steps_02250_02499.parquet,42885,FEB97E77F47D9852100877391D22AC6AFD37FEE2437651F3810295D0F839F2FC
checkpoints/h1/data/steps_02500_02749.parquet,42518,1C021DDAE73150C480C01D9AE2EA983CA1FB8A7A6FFB5EF3AB3CB4480350A3B7
checkpoints/h1/data/steps_02750_02999.parquet,42104,5979F3DE323B7F6163E2380D3EF5E6F22216AAAEFC018B673E5BE18199EF18D3
checkpoints/h1/data/steps_03000_03249.parquet,43252,52E87AB6D473CAC777CA3A70E838BD08F542B578D393729360372E9363D15909
checkpoints/h1/data/steps_03250_03499.parquet,42450,644EF5197005A5D9B193C8092BD57AF4329607DC17FD0AD54699A5312A38A35D
checkpoints/h1/data/steps_03500_03749.parquet,43091,BAFEE156CCB709BA4CE60BCDF519A077863E6ABCEEC898DFFF7E89A995737F32
checkpoints/h1/data/steps_03750_03999.parquet,43047,74F2B862FEBAD8929881EFEE15215B172615F5D1B2B6A4071753ADA5236E2452
checkpoints/h1/data/steps_04000_04249.parquet,42722,8C6D48DD994682B5F19448A7B2A05E497C63CFBD7574640D12284CF2792421AA
checkpoints/h1/data/steps_04250_04499.parquet,43452,E1FBE66322BAF2C91608D67262D435152867FA79918EEF8A4A37A56345A276F4
checkpoints/h1/data/steps_04500_04749.parquet,43512,3D9D14903D6E8BC37CA5FF8C7CB41221CBC8F02EAD908776F3C8D7EB8B1C27D7
checkpoints/h1/data/steps_04750_04999.parquet,42794,CB41D8CEEAE8057515A350B2D1DDD32CFBCA7AA52E50052BEE864E211E70887C
checkpoints/h1/data/steps_05000_05249.parquet,44636,906C4FBE149852815219E1106B1E27C2A9B177BF9F4945C0F3A406194E767AEE
checkpoints/h1/data/steps_05250_05499.parquet,44601,BB51CBE03C083098674DBD930385D1C4A2F29BE64B6F0D0DFC50E1FB4CF76A51
checkpoints/h1/data/steps_05500_05749.parquet,43864,E860E694E0B81A07093AF28E59ECDF41153513D0A20676370E2C65DA2D5DC32A
checkpoints/h1/data/steps_05750_05999.parquet,43879,AC58B514F82023A501F3EB8D0FA0ED0D0D562BB6C4636442B952E00E875F86E1
checkpoints/h1/data/steps_06000_06249.parquet,42671,B25FF911E3C38EE1D6D69DA33CC4A50EA3937D306868A3B7317AC3C480744CC2
checkpoints/h1/data/steps_06250_06499.parquet,43541,4438992781A154DB3404F30614479F488CBAC3605C919759A932EAB66F1B08CE
checkpoints/h1/data/steps_06500_06749.parquet,43283,C60F2775AF3F10A44700454F0D70B0F16608798083C50B75574E276D235D8A9A
checkpoints/h1/data/steps_06750_06999.parquet,42832,559A7595DBEE5C4E23E0D65A1B4F94F871BB0587C7295F40329B2B2650DB4B63
checkpoints/h1/data/steps_07000_07249.parquet,43669,551FF15353A54D59F105AEEA29114E5EA67A6FE60D2918688DD5D2B1B0EB15C7
checkpoints/h1/data/steps_07250_07499.parquet,43688,7AE3766E0C72007F56CAC663D85B7165E7A75C4D3179F3604FBDD7F35A3F94A8
checkpoints/h1/data/steps_07500_07749.parquet,43024,1BED7A7C2EC866A840583CE27D46B491B060AB9CCB9EF524DB217E56F095B8E0
checkpoints/h1/data/steps_07750_07999.parquet,43522,DA293738243533C1C13DB268ED72112B67476DFF8C6470AF40612F7ED2FE3564
checkpoints/h1/data/steps_08000_08249.parquet,42934,407BDCDC25B0959BB5580BB3DE6B105822BD45B2B7F045A39A6DC556CF411E0F
checkpoints/h1/data/steps_08250_08499.parquet,43282,250C4EC2F9A37A2EA9B52FBDDF5AB2F61DEC7A41747F3C4E5113267C9A360094
checkpoints/h1/data/steps_08500_08749.parquet,43603,0B8516D17B016E641DB05143CED5CB92B99A8EF72C32E5679EF3F2F2C58668DA
checkpoints/h1/data/steps_08750_08999.parquet,45467,48D72E311F74E8E13E022A0BD2D0C0E70CE79451456CE091FF6703205970E4A9
checkpoints/h1/data/steps_09000_09249.parquet,46071,3B73E340F07DB7D14C78D1161A1D4978425D4F53FE9E1AF4B5DD379A2F19B9F2
checkpoints/h1/data/steps_09250_09499.parquet,44163,E02DAC5E24A6FFF894E8FAD44F10BC7A3B4A9A925C5E30B98F573A5934F2A023
checkpoints/h1/data/steps_09500_09749.parquet,41563,931533A22E74FF8C51FACC61E7F0428B33627FBA20AC8C51A5362B573AFBDA4B
checkpoints/h1/data/steps_09750_09999.parquet,43225,E18F63A067ECEEBC5F3646845DD1DFFBF953173D64864D7A86ED475ABF3DD692
checkpoints/h1/data/steps_10000_10249.parquet,43863,6A2678B2A9926E92661B54001E8718087722CCA6ED700C49D18910FAECC58E10
checkpoints/h1/data/steps_10250_10499.parquet,43398,EE3D168E5A07C1CDBC0FD47EB1A0DD3F74F451E1999B4F61F5A6F0FE104630A5
checkpoints/h1/data/steps_10500_10749.parquet,43669,DE1B3D2FE12FD2A2CBAD32CB417D7EDC18AC1D44B86EE63BAA65DB0922D8CC10
checkpoints/h1/data/steps_10750_10999.parquet,42887,21E9D12C24293873B6935D9A553B1C6C83B8F1B7C27B8574CC97C75C27F586B5
checkpoints/h1/data/steps_11000_11249.parquet,43347,B5EBAA124CA9B58032158B9BB69FD9EAEC9B365046E59D8054C4B8E5A563607D
checkpoints/h1/data/steps_11250_11499.parquet,43772,D0FCC49A58CEED244C5BAE935543E161E4D5A44E3E74909C910E2BF619A4898A
checkpoints/h1/data/steps_11500_11749.parquet,42203,B1CDB55B6221BA93A047A566CD26C61CEEC9399045F533D9B3084A846691123C
checkpoints/h1/data/steps_11750_11999.parquet,43995,63A6E8108C66975D7849D4A025EB86ADA93046B9F2BFCDFD004615E4B7A9B53E
checkpoints/h1/data/steps_12000_12249.parquet,42908,D9DBF0A08403E0AE42F31B7C0A18348AAECF6966C4DD1AD9ECEB4EB7B0F87375
checkpoints/h1/data/steps_12250_12499.parquet,42564,CA2D7346A51D9BBCA08E4EE52E0B4749170678AAC74ED56413E25BD36116FFBC
checkpoints/h1/data/steps_12500_12749.parquet,42706,8970F36F1E92D2204D91EA61D1D13777FA485389428C78873CF53FF12CA0079D
checkpoints/h1/data/steps_12750_12999.parquet,41516,AD5167C997CE50AB199DFDB697EA79D5D42C0A7E3C76AC969DB6F19E721B4D57
checkpoints/h1/data/steps_13000_13249.parquet,42797,F08C64D5E769144828BD6ACD9FC1DA203686BB67F8B185E53B55B2D1EC0CC926
checkpoints/h1/data/steps_13250_13499.parquet,43032,98A1D0C578012AC23A1E076EBEBA23C885CEA3A9619D78A2506DE2F5A8A9E762
checkpoints/h1/data/steps_13500_13749.parquet,42456,50EAB80CEFCFDAEFA6391845E9B5ACD3E784E9D7F1E353B589FA10EBD5DEFB42
checkpoints/h1/data/steps_13750_13999.parquet,44103,DAA06BCD81C9897263C9F99BEBBAF48874C9C6F6BCBE2C6391B7C5872E25AA66
checkpoints/h1/data/steps_14000_14249.parquet,42999,0579A5C4BD646C740AD03BCB23342EFB9A70A1368225D1B70D1932C365831DFE
checkpoints/h1/data/steps_14250_14499.parquet,42221,94CEE14C5D2687B4A7C68BA039DFDC7E0782AF3BF13BC6E8FF6DC118CB239D83
checkpoints/h1/data/steps_14500_14749.parquet,43675,85EE33F66EAF50B38CDD2E3AF96482CE3165E98198BBB40D2133D7A05C550FFB
checkpoints/h1/data/steps_14750_14999.parquet,43208,64BEEFA5CAFB16B365850999EAAB7C9C68FA4FE59581823772B22EE8B85C062E
checkpoints/h1/data/steps_15000_15249.parquet,43744,451A40F235AE73B636ECA077E8FBD90A313521591CCA247E7E58E9E3310B674A
checkpoints/h1/data/steps_15250_15499.parquet,43864,575EE48029722005ABE11198F295110B6B12DDBF4C588EEA2E82B752B39F2556
checkpoints/h1/data/steps_15500_15749.parquet,42128,E713629ECC3E8027129B286BAF5F800EEDAB894F9C5FAFE7BFA9DC8BBC17C057
checkpoints/h1/data/steps_15750_15999.parquet,43430,4FA1976543AD9FA9DC93F4F47E38678BC1DD5C46280F597C526F40788E0DEB8F
checkpoints/h1/data/steps_16000_16249.parquet,43085,C0AB4F3BECE810F935E21E076002FB0BE8DA38280BAF664EECB4AA1A91A4193F
checkpoints/h1/data/steps_16250_16499.parquet,43489,D808C56B1FEA6D9DF371C90AB2B61616C037E4B3E1078C720FFEC6D77190F9F0
checkpoints/h1/data/steps_16500_16749.parquet,43722,D6E930438B413A6A11AD410C4755A3E74B55B1757357AF0DD83EFC6655F36718
checkpoints/h1/data/steps_16750_16999.parquet,42594,45C32BF87BB8EA9BF41AD6F6B32882B1F964E2781A774EA8DFCC1291771B5AAF
checkpoints/h1/data/steps_17000_17249.parquet,42841,87818F8623BA6834200143A85BA3686EF72B8D85A91C68A89D6264DA562E6318
checkpoints/h1/data/steps_17250_17499.parquet,43151,B6176015A42F36CDF5646D63827F74EF770C738D6908DF0143DB986333F89FA9
checkpoints/h1/data/steps_17500_17669.parquet,33070,4612149822D2A2C0D5175ACDD16E52F4444F27C9605D05789DF3D8CBD5C8978E
checkpoints/h1/data/steps_17670_17672.parquet,11981,AFC1557DE0C257AFB198B05A10285A51F234CC4418792174B947D18AD4114B78
checkpoints/h1/latest_checkpoint.json,262,72BE46FFF0615733CA3C65753758721BF1743D54338E6EF8F5B83DF0EA04B94A
checkpoints/h1/run_manifest.json,1243,A61E3D12D0FAA1B627A0438B90046876F6557DB690F9DDC85FFF90EDA9DE9299
checkpoints/h1/states/checkpoint_00250.pkl.gz,86065,D7308BF94E671B8BB9B195A6A3B00E706EFE64011556F51C5EB51584AAA8AB70
checkpoints/h1/states/checkpoint_00500.pkl.gz,85535,3945552EB2D2C20ACA6086BCF2064C85DFA0799E280B59FC6F9C9A81D30CA716
checkpoints/h1/states/checkpoint_00750.pkl.gz,90349,4A5799216AD9CF4CA49FDCB66C2A0A09D202794901CE26A6274A51A4F0D209CC
checkpoints/h1/states/checkpoint_01000.pkl.gz,89167,113D3FEDA48EDED0AB58DE0C1F707335B0FEAB7ED263CA27F10FF627E6833BDE
checkpoints/h1/states/checkpoint_01250.pkl.gz,93090,68D8AC8371A9F3D4A600648732D2BEAF6C113DF1D3E2260CDA5D67080A006EC1
checkpoints/h1/states/checkpoint_01500.pkl.gz,94325,FDE325EB061130C41F9545760C900D39C5EB047EF82EFF1840F53E8FC21A6E37
checkpoints/h1/states/checkpoint_01750.pkl.gz,94320,4DA285A98FF1481A27002855B56BCA0B3ED07D8C82D30DF4F5EBD08D347F8971
checkpoints/h1/states/checkpoint_02000.pkl.gz,101881,8E76EDD820F62CBC40306406CDA23D5B577FE36EC247F3200C4756448F7CC132
checkpoints/h1/states/checkpoint_02250.pkl.gz,102239,4241A3288EF2A283F6C38046C575FAFC717E6C21CE00B9DE36B7CDB522BA4AA0
checkpoints/h1/states/checkpoint_02500.pkl.gz,103688,DCDE52290BCB571327DD4D62797DC045E9F9B5D3254E8B157AB1444B72ADFAF6
checkpoints/h1/states/checkpoint_02750.pkl.gz,107720,9A7DFDD11AE5F4294C03094EF85B0D44685E7BC14FD3703596063452A2968C94
checkpoints/h1/states/checkpoint_03000.pkl.gz,107077,88DB678158D8D1965563D43A35778C930B8F7DA8C66CC44B13D50993747FEC9B
checkpoints/h1/states/checkpoint_03250.pkl.gz,112952,F10EB7AADA6B3BE500799BA898AB3BE527056B235CF58DB4F945255EC885245C
checkpoints/h1/states/checkpoint_03500.pkl.gz,111724,7FC21AD2B7818587DDC183638B7073DF3829BEAEAD84B4C8120E52858A64E568
checkpoints/h1/states/checkpoint_03750.pkl.gz,113912,BE16E8996E887FE767230FBF0BA91E13299B2B7FCEB416D07BB7A659AB62DF73
checkpoints/h1/states/checkpoint_04000.pkl.gz,116814,07697DE7737C23B022D38063A24733AE684DE807FCC518A20187E50C21ACF6D1
checkpoints/h1/states/checkpoint_04250.pkl.gz,117396,EDAA4F282D4AA16F1929735AF61A55B9AC798590995B5F891FAEF3FC67B64C2C
checkpoints/h1/states/checkpoint_04500.pkl.gz,123430,BE4846F4FAACF99C1FE0F9B8687D618372F86D667C1F10049FDD86B82CCABCAC
checkpoints/h1/states/checkpoint_04750.pkl.gz,124689,762740F5AA614447AA7D5EAA2E02BCF3B6B89711C377365B5663866A14CFC16F
checkpoints/h1/states/checkpoint_05000.pkl.gz,124692,FC9620D9EEA5B3BA6032747C5B17FF9D61F96E9D3FC1CB3C31460E2876B57D8F
checkpoints/h1/states/checkpoint_05250.pkl.gz,130380,A9801C979C7B8BCFCC7E1AB6842F79326F52CEA454A332898EA15BABA2D455F8
checkpoints/h1/states/checkpoint_05500.pkl.gz,129797,B646F6BCB93556E1444EA91408145D3CAF160816DA11605D17200A4A54CC31E1
checkpoints/h1/states/checkpoint_05750.pkl.gz,134444,24C502A9D3D1877BE7E77438ED73D4039226EB236B5FBF8096B79C2D938E37B1
checkpoints/h1/states/checkpoint_06000.pkl.gz,134820,93D6E05684265D4316DB1B6EEDF5B40ACF59486970C4BA77DAB87E18F1D80464
checkpoints/h1/states/checkpoint_06250.pkl.gz,132526,41392EB83C5790DFB9131E9D2F15C34B619C58D392856AE5C488F63B879B5E4C
checkpoints/h1/states/checkpoint_06500.pkl.gz,134302,C16079A3D55A64298D8836FB0745221FAA5FBB45A5150419977336F9556F5328
checkpoints/h1/states/checkpoint_06750.pkl.gz,130936,AB3EFFD81AE7D6B937D540C6D927A97FF53FF6864B332BFEA558D97F6E683E53
checkpoints/h1/states/checkpoint_07000.pkl.gz,133236,42AED3B7F5EBA54EBCEBE00D8C33F6F240FA90F6D066690E8372ACEC42470B1F
checkpoints/h1/states/checkpoint_07250.pkl.gz,129553,2544C3EF23200291551768AA7C729EA0BE9FD4B2561A94FF7807FDAED564DF91
checkpoints/h1/states/checkpoint_07500.pkl.gz,129141,D55D8582D8F8DA3C84DB3749179DF460C5A2B15A17518208C07A485B0CB24D58
checkpoints/h1/states/checkpoint_07750.pkl.gz,132691,BD7925FA41F3294DCBBC8E46419386477394D658338A10145B0F644BF25AE52D
checkpoints/h1/states/checkpoint_08000.pkl.gz,130421,EBC906454F6340E31B83B9D9493FF476E53D789BF0873D6A87B5E471597D545E
checkpoints/h1/states/checkpoint_08250.pkl.gz,135448,5AFBBA32EE40F0CEBB638AF40B952BA127529177AA88CCDB75F5B12AD221EAD4
checkpoints/h1/states/checkpoint_08500.pkl.gz,134460,A842437153B7AC81BAAADE2E5C0217B7771C5DEE8F02BB6961FBBE99D2619977
checkpoints/h1/states/checkpoint_08750.pkl.gz,135487,6EBC3D48065C6D64CB1943D94D8394ED849D9B79A797763B3401B68E006C9E48
checkpoints/h1/states/checkpoint_09000.pkl.gz,148909,ABB02D0ADA62A9160F0540D9C720DACF90A4FC17E385A408D41521CA716CAC29
checkpoints/h1/states/checkpoint_09250.pkl.gz,135346,3C4D46F9A58D3B2B826A7E83F7AEF712A78B8C2627F41158546098225D3CBDAA
checkpoints/h1/states/checkpoint_09500.pkl.gz,132882,45CEF64CD0E44B10629942B9A9993B95503489085FB0CB9EE6AA166BF13A7C5E
checkpoints/h1/states/checkpoint_09750.pkl.gz,132073,E44B5D114B10EA060DF8A714FA75D55861884E2D97656617F13CDB7F80915F91
checkpoints/h1/states/checkpoint_10000.pkl.gz,128799,C198EA1151FD6A0FF69F5C0A0506DF8EA9E1B6D6D80D422BDDAD6EFD3C5C625F
checkpoints/h1/states/checkpoint_10250.pkl.gz,132125,60C88696CF220B1CF1A0B88B0E3A24676D61B9C342FA27AD59B72AEA99B5AD63
checkpoints/h1/states/checkpoint_10500.pkl.gz,129515,80A260E4F8D305DF3F1D2AF9AC9BF048CEDFC831A665DE42DA498CE279A3E502
checkpoints/h1/states/checkpoint_10750.pkl.gz,131884,CD1D6B6653064A12955B692DDBDF47F480E9853949EB061FB420B2AF5890A258
checkpoints/h1/states/checkpoint_11000.pkl.gz,128896,92ABFD3D4BB231FFD162FB44B10A25473AEF0102695A7C2E25050DB0D7FC67F6
checkpoints/h1/states/checkpoint_11250.pkl.gz,129127,99E355767352E63EAB9B25C80ADA8D489E5559E850BED5CD76FE7307A1B7644E
checkpoints/h1/states/checkpoint_11500.pkl.gz,129308,C62856DED3E605772465DCE82AF6BD90BC6D5FA113FC7A3B57EEE8F7BBC57944
checkpoints/h1/states/checkpoint_11750.pkl.gz,127641,2C86199EE6FA2744A426E6A6994065389EF4A2DE48C40DB809BE85D5167B0324
checkpoints/h1/states/checkpoint_12000.pkl.gz,129084,3D9ED6CE40419BFF390307201595B748A78EEEE462D14C8D65CBD9FBCDCED536
checkpoints/h1/states/checkpoint_12250.pkl.gz,129604,6A7DEA18B2A3FAAB8DD13BD7B3FB412EB35E70E95D9F530B92EB016CC6A559D2
checkpoints/h1/states/checkpoint_12500.pkl.gz,129521,4CDE1C1A57FE3DA8D10FBE58FE3CB648A1D3722E2275AD4D09F877A4272CD3EB
checkpoints/h1/states/checkpoint_12750.pkl.gz,129053,EB7B8F54DAFF97FB2975E3A754CCB334100D3C5738ADDC75669716D379049A01
checkpoints/h1/states/checkpoint_13000.pkl.gz,128091,2A12367D4C1BD357C541F727B05D9DA69F38200A6E1505DA53C8E7E83FCEC6BD
checkpoints/h1/states/checkpoint_13250.pkl.gz,125159,D4267883915028B566BC4BEB45A8CA7EC4B0B4D8AE711551DDEF74ACC5FFFA0E
checkpoints/h1/states/checkpoint_13500.pkl.gz,129300,D2A636F9DC400B0FF7B187FE3362BF93168572BFD169728C27BDD07636E0B4CB
checkpoints/h1/states/checkpoint_13750.pkl.gz,123100,B53CD10EA04ED6454BCEB08824A6EC76847A48E92D13572DBE7CE96E33958ED1
checkpoints/h1/states/checkpoint_14000.pkl.gz,121439,DCB2927FDB0434110D9A47787E2DD7E92BDEFCA7A9FAAFC0D6D7BB9D82579E9A
checkpoints/h1/states/checkpoint_14250.pkl.gz,120819,CCFA840966878BBF226293AFB2CE76ADB5AD0C00FD38B3DE9A63A8A7D9E10E27
checkpoints/h1/states/checkpoint_14500.pkl.gz,119414,6E0E367FF1119872454210D2A9200B84D059E6688F2933C52115550812FB9CA7
checkpoints/h1/states/checkpoint_14750.pkl.gz,122473,DC4038073E3BCDF36ED62BABC9BD1C99B9B00A4DAA3A16DB008A1A7A11A8EA0F
checkpoints/h1/states/checkpoint_15000.pkl.gz,121488,E844DE3FBA27C07FC36D31D9432E67E68230BA64776529CAEE555AEA008F6C10
checkpoints/h1/states/checkpoint_15250.pkl.gz,123426,D64197362B736297933BFCD4848C2ADA32C670BE0C72DFEEE54E16D945920846
checkpoints/h1/states/checkpoint_15500.pkl.gz,121792,A138E33E4B864112B1C0380CE9B9E93AC257EE5971F58C746BF911C49AA9ADFB
checkpoints/h1/states/checkpoint_15750.pkl.gz,121438,7C823D20504D885A4730C0579332276E64837F4F4F9A5876F53C351656897203
checkpoints/h1/states/checkpoint_16000.pkl.gz,119076,6BA4B7D56C59F0EC8A25A29BF0C16C87F4183420630E2199103E5FE2486ED9ED
checkpoints/h1/states/checkpoint_16250.pkl.gz,116634,4A5C6890AC2ADED8B9CF0B6906172B6C3EA87302D0D7A70C15BF67EDD1B56125
checkpoints/h1/states/checkpoint_16500.pkl.gz,118033,3BBD1E86CC3100147ED9FCB79BA9D7A3628E3E618EDBB59A9251793229AB4CA2
checkpoints/h1/states/checkpoint_16750.pkl.gz,112459,386356EC904692939B0EC824207957231311723B4222A170AED485FB8055C271
checkpoints/h1/states/checkpoint_17000.pkl.gz,109636,37FA508780CB0F2A08E1AF6F55D48FC9446C4F9D1F5413C20D03CF3077D4FEAD
checkpoints/h1/states/checkpoint_17250.pkl.gz,110718,668206160975D9778D41AA124798FB5CEA98B95C279684C10942C831933D58DB
checkpoints/h1/states/checkpoint_17500.pkl.gz,104708,A589C1FEE260DC838752320FD363616973EE0596A884A592E5970E31D77A9754
checkpoints/h1/states/checkpoint_17670.pkl.gz,21003,A06BE86C6C8FDAB9D37CF34F9F66A4F3EEE8D07D8EBAF8B0641F0C5AE54A1AE5
checkpoints/h1/states/checkpoint_17673.pkl.gz,19656,8F88D59C3284B0B400F17AF667EF57A07790968452A5558DA6401604615330F0
checkpoints/h1/tail_result.json,617,9BD6CC21D68E8C6D53D4BE420FDAEA2A6E07DBFE8C2886FB7AB8004ECE08E7D1
checkpoints/h4_oracle/data/decisions_00000_00249.parquet,317900,891B42FBC579F399297A61966DF87324DE005F788BFDB99EFA8A49A709585FF7
checkpoints/h4_oracle/data/decisions_00250_00499.parquet,286711,10886E7AA4DB6096FF0698776F2C72800F47DCD3BEFC178E78F5F3B0303F5C0C
checkpoints/h4_oracle/data/decisions_00500_00749.parquet,230618,5F55531DF81FA3B095DD71E8B1A1D4081A8DAE0E7DAC532165B72BF53E5C2F4C
checkpoints/h4_oracle/data/decisions_00750_00999.parquet,138518,ABF30732B3955717A7DCDD1F7D55593C19BD085E8A5C802DBAE03245731CA650
checkpoints/h4_oracle/data/decisions_01000_01249.parquet,222929,EFD62844E89B6AC3939E5A96189BF449AC6EC539BF5A68F19A1C18A2E5957A81
checkpoints/h4_oracle/data/decisions_01250_01499.parquet,184992,8FA0E41DB0369089EA92549D045AB5292552483BF16E3789B9FD0BCB9B9A730D
checkpoints/h4_oracle/data/decisions_01500_01749.parquet,151730,2E3BBD9FE42E1F8A7141A590B93C05BC9144AF22AC22A5688D783153A09440B4
checkpoints/h4_oracle/data/decisions_01750_01999.parquet,192023,60BF52424EC1E2EC32D1D670F76029353D27879EC73970D237820BB3B5B02BED
checkpoints/h4_oracle/data/decisions_02000_02249.parquet,158478,5B99305A98A6DEFBFF6493C6476B2EB4D360B10DBFFF8FB1C15F6B36E1CDBA0B
checkpoints/h4_oracle/data/decisions_02250_02499.parquet,180504,29E58A1ECF4E2255FE868FB2A31C4952AEED713854B646F29E6D7DFC8F86E494
checkpoints/h4_oracle/data/decisions_02500_02749.parquet,150553,311C0DD3E4EBAB307922B560A49F4B5AA36EB2A3CCC50E6B40E5F36FC7456D09
checkpoints/h4_oracle/data/decisions_02750_02999.parquet,131002,8765951D77A7EA6A2FECCCC823158664168864CEF9932C11604EBA32F7A24C03
checkpoints/h4_oracle/data/decisions_03000_03249.parquet,205824,640E1AEE53FB679D333B6DC4B9CE9D094FFC04FC8FDC50BC14097D78FF0992E0
checkpoints/h4_oracle/data/decisions_03250_03499.parquet,152239,B4F021812BE306CDCFFB316ACDE734FC97ED65CF886524A5656895E3F9A3D55E
checkpoints/h4_oracle/data/decisions_03500_03749.parquet,210337,912ECAA4469B6341F217FC78D00788D126259C4F3EEB375A39D66102813B28BC
checkpoints/h4_oracle/data/decisions_03750_03999.parquet,163612,1E68BEB1636574C7639F9873D2C98B35067B235E0527C3D810F173FB10DAB6F3
checkpoints/h4_oracle/data/decisions_04000_04249.parquet,194978,CA4B9AA80708997A3364347357C9F776A964D62E05359662E4FC89AD01293068
checkpoints/h4_oracle/data/decisions_04250_04499.parquet,237545,4827033C559BD66BF14940DF4788C3D42B453F3DA3B7928D9E45F4172870EECD
checkpoints/h4_oracle/data/decisions_04500_04749.parquet,229487,64A87867FD9D755C31A636D3511B75D239F9981BBE21CB70B078D844EB9F30D6
checkpoints/h4_oracle/data/decisions_04750_04999.parquet,210655,6808AE0C92927BA8E766DEF2BE2268998F118B444A8309A57CE5C9D0D72E30EF
checkpoints/h4_oracle/data/decisions_05000_05249.parquet,333143,B24537DC3E4432F7A5A8280FF5D0E6ABFAF1420386172C89CD1B92BA835DDF15
checkpoints/h4_oracle/data/decisions_05250_05499.parquet,317554,1355D51C64E275733FEAE997FF8E68857BB3B52221413CB504C0FC3BD358AFCF
checkpoints/h4_oracle/data/decisions_05500_05749.parquet,221497,1A8CF830093EB7954E0738162DBE5259D6F9326DCBB913EEF0F4020E1776CD7A
checkpoints/h4_oracle/data/decisions_05750_05999.parquet,245350,C84CFC07EE892078172C41DA5783FC39D41056C09B759915C97C0D26CC95B192
checkpoints/h4_oracle/data/decisions_06000_06249.parquet,151305,7EDE726AA0D6E7ABFA339A5F5452D83BBD630F5B107441D0EF1E84D3254102B5
checkpoints/h4_oracle/data/decisions_06250_06499.parquet,180465,058057DBB67D2480E66D5B8C733FEAB6C04F9ED2C3E1682EE6FE7CF1FB675DA4
checkpoints/h4_oracle/data/decisions_06500_06749.parquet,218648,A6E3FAF1408801EA70BBF260BE13EDF1B4ECD7F47CDAEAE6B8B1A5092276BCF6
checkpoints/h4_oracle/data/decisions_06750_06999.parquet,188936,D43EEC58D7CD2B1D54C5D3E3710EBACE46EC7B719A4FFCB84508F8CE9B47B032
checkpoints/h4_oracle/data/decisions_07000_07249.parquet,236473,16935437671974D4DFA14F892510A7983EAD9D508D0368625CDE499B5CDC96B5
checkpoints/h4_oracle/data/decisions_07250_07499.parquet,248239,25B7D7E86BC78577F783694160BBCC1076075FD0D9E74DB25D535987715F740C
checkpoints/h4_oracle/data/decisions_07500_07749.parquet,213496,FE7C99A7E36F0AACA2D68374E49F93E596A1C55E73DA63EDD69E45EE92B2E825
checkpoints/h4_oracle/data/decisions_07750_07999.parquet,227642,15193A8AF4A7DC436D8BAD4AADF777EC8FFD5A0A5091557179B58446F5032A6F
checkpoints/h4_oracle/data/decisions_08000_08249.parquet,209504,720BD824DF1B5A467F0B220CAA3585EDB34C20DB10F8D719576D90A811E25FCE
checkpoints/h4_oracle/data/decisions_08250_08499.parquet,198588,7EE8C693976D62EDBEC42AEFF98FECCA7D7BCFFC762DD07FE5B4FD1A53951675
checkpoints/h4_oracle/data/decisions_08500_08749.parquet,234735,D8841C65361972C5B185FD8AB33B15B24CAEC1503BB0548FEA5D19958A22D495
checkpoints/h4_oracle/data/decisions_08750_08999.parquet,364020,5D84AF2A0D8DE56F4DD74DD793C0362EAEB86B5391D568DECBAE92C82B00BDEE
checkpoints/h4_oracle/data/decisions_09000_09249.parquet,574462,B9948F0B2E1762F67452A62050D66E68DCB52590215617E9FFCCE5DE47FD2BF1
checkpoints/h4_oracle/data/decisions_09250_09499.parquet,212785,A4939D30253B20F4EC3765C67CC7DE6C8758190A2E9D80C968808361A5B2C3EA
checkpoints/h4_oracle/data/decisions_09500_09749.parquet,93237,CA6459F16A1746D8DE73DF919ECE0604D9BF7DA5632FA57CE5CEFD52A9770A42
checkpoints/h4_oracle/data/decisions_09750_09999.parquet,151602,C5E92C1EE671759E0F73FD91AC4D321F444118770E9B10B28D58212AB8E194C1
checkpoints/h4_oracle/data/decisions_10000_10249.parquet,194274,EF45B71D120BBF445E4513A06540D5DC4520DAFACC153A500F6AFCED8972A41B
checkpoints/h4_oracle/data/decisions_10250_10499.parquet,145441,1BE5895F8CE91730FB538F34E9D0730B5720797EE82F5C5D31221E64F72EFE0F
checkpoints/h4_oracle/data/decisions_10500_10749.parquet,246343,C976602783795942C3D9845AF25068BEDFFCBADE2B382D84F66A29AE84C60C3A
checkpoints/h4_oracle/data/decisions_10750_10999.parquet,177596,FC5AF1A22882AD8B5F75263BE3195DBBB8D81F0915BB6C53DF949A2B3FA96274
checkpoints/h4_oracle/data/decisions_11000_11249.parquet,221542,83C9E40F91C8629116893FB3D09B6D176B1CA9D06BA9E3A7CD9D3206000581E4
checkpoints/h4_oracle/data/decisions_11250_11499.parquet,240174,75413F4AE9F3B1C4000E51B40D8597587BB1BB6BB357F192FC7AC554C755076A
checkpoints/h4_oracle/data/decisions_11500_11749.parquet,143711,54E8E78304D1624A52FCD7FB9CC0AC9EC80B4E4139FFFC2931F8D1CEC459912B
checkpoints/h4_oracle/data/decisions_11750_11999.parquet,250807,B91B730FA2726F0144E720715FDB197D46659F658A9F07054851F93851F6DF23
checkpoints/h4_oracle/data/decisions_12000_12249.parquet,173051,165CB5DBE4CA4AE2882BCB1A3ABA671B5A2A2C52C47F8BAFC0F9DDEBC139F64C
checkpoints/h4_oracle/data/decisions_12250_12499.parquet,155268,908A27C5B3CB510E7425B0FAEE627982CF157F0DC15A37ABFDD3A148E71ADAA0
checkpoints/h4_oracle/data/decisions_12500_12749.parquet,166580,C78FB21DEC0B0D4F8C7AD72FC5E6905E6F14A7521AAB3EB1E4A502D32B1AD396
checkpoints/h4_oracle/data/decisions_12750_12999.parquet,93844,E793DBBD043080D9D12B3D37146B320A4A6E522458E51BA2549679D3C494C1D6
checkpoints/h4_oracle/data/decisions_13000_13249.parquet,134720,4850B15B4E2895DE88EC2D995F713B01BA444D3E3A0AD8994BC0599E67B99F60
checkpoints/h4_oracle/data/decisions_13250_13499.parquet,156768,E316DF7FEB7C5B339EBFD452927774A62C1ECCF7E490AB85FFC9A9571A750406
checkpoints/h4_oracle/data/decisions_13500_13749.parquet,112320,5D99F59CC6E75C5D84C74C9F52BCEB45243A15565C71D14B3775DF29FAB0C957
checkpoints/h4_oracle/data/decisions_13750_13999.parquet,207968,ABD3D7458E9B8C8389390A508D74338EF23D0A1B7D26E0A0A2DC81098AED6934
checkpoints/h4_oracle/data/decisions_14000_14249.parquet,135558,DFB0E014E9CE776FDF035532730AC1C0342CD5CB7F72873EA7DB6A4DAE472226
checkpoints/h4_oracle/data/decisions_14250_14499.parquet,111136,EB2732C2AAD5E599D858871F3DA8295F913BE3260D99F727E3F12136177CBF60
checkpoints/h4_oracle/data/decisions_14500_14749.parquet,176736,418CD46B971575F3447BBF5CC65768235465A8CC267AF9B0EA6A46C1C92297D4
checkpoints/h4_oracle/data/decisions_14750_14999.parquet,145118,3C44EBF97FD12540577479B481A1DD971353210C8725B9C9C42DF2AD41E9F97C
checkpoints/h4_oracle/data/decisions_15000_15249.parquet,181099,826A5E12D1AA96F32A8446F240774EE621275DDA3F0DF70C4F34F206DD71F308
checkpoints/h4_oracle/data/decisions_15250_15499.parquet,176882,01F88811A1805A08D25DA209A278B330FC84649ADEE6191B512A360783E20747
checkpoints/h4_oracle/data/decisions_15500_15749.parquet,119276,B98B4EA5C7028B22DCA961802622E86DA27C093A219DD1B2EEBA6595D69DE284
checkpoints/h4_oracle/data/decisions_15750_15999.parquet,174130,68C99AAFEA4A9361D7B427FD984BF40B369C6D0C841B46F66283049C352A3801
checkpoints/h4_oracle/data/decisions_16000_16249.parquet,140099,9C81D408FE4898CEACD500C33D1DE0A1C57F7D7B7CDD2FA8893EC8E6E53A898C
checkpoints/h4_oracle/data/decisions_16250_16499.parquet,164739,BDB68B74601E804AEAF3E28001C4F23E5051A85EC5396BDBF24E848DC3957DE3
checkpoints/h4_oracle/data/decisions_16500_16749.parquet,192764,A662CFB8B208EE4DEE90FA8030F943892B1629256DC4599AC1AC232D382D7F42
checkpoints/h4_oracle/data/decisions_16750_16999.parquet,129011,8D69496500C0E735FD2C63E65979B4A7CBCE66994C140241140EF6D0BF1FC353
checkpoints/h4_oracle/data/decisions_17000_17249.parquet,127035,FA7678B8B1350D367C2C7F8B1B499A5E457516B15BA2076A29D8CBD1CB22D14F
checkpoints/h4_oracle/data/decisions_17250_17499.parquet,153366,1512220E26239E87CCCD6474BE5F1B105D2B31F834F520DDAEE5C1D9F806148C
checkpoints/h4_oracle/data/decisions_17500_17669.parquet,73582,EFE95ECD8995E50084547FAE52B6778F8B45927E4DC67E2A9A6F152777CB0DF1
checkpoints/h4_oracle/data/decisions_17670_17672.parquet,4904,011496FEA7CC13B15AF3BFA441BD2AE1537B58353C8435AF39FC918C4E672530
checkpoints/h4_oracle/data/events_00000_00249.parquet,262134,28300B0C4A56D6D277E7CBF5FFFEC16CBD14DC3E5112A0E29CAD5CC4CA74DB3E
checkpoints/h4_oracle/data/events_00250_00499.parquet,235649,FFE12CC81DCAAD6943C885B5FDAAD972F8020B1A743BAB68DBE5EE0C773E3C42
checkpoints/h4_oracle/data/events_00500_00749.parquet,169887,6D6C7965E6DF20B2DC90D31C09285BDD37D8E1F3FCA861D7728D0558BACE5382
checkpoints/h4_oracle/data/events_00750_00999.parquet,113379,995DEFAF8C8B2290F5347D6CF63C4BACCD715953F0C0B6AAB4EBAE96BE182B6E
checkpoints/h4_oracle/data/events_01000_01249.parquet,153781,EC0DAD9957492C28EC3A5D31BB08A59E0A39A6F927345C25BDA4ECCF3F2176D8
checkpoints/h4_oracle/data/events_01250_01499.parquet,139693,66D554198B3A828901FAE12521709B926BC2E7AA59738C5DFF242BF48960FE8C
checkpoints/h4_oracle/data/events_01500_01749.parquet,110415,E754923F77FA3914601DABFE6AA7BC5DB089EC5636C01B5E21D232DFD7B295C6
checkpoints/h4_oracle/data/events_01750_01999.parquet,130244,1DAB32EB903AAF1D4A49984357F94509B3F40F50E5F40E029CC913C46BDA5BAD
checkpoints/h4_oracle/data/events_02000_02249.parquet,120429,65C558A08EDFEF6B547B4F172C12503D8137AAA45FC0079109A8431C80362D47
checkpoints/h4_oracle/data/events_02250_02499.parquet,131723,AF355DE35A403BACBF8FB0A6FD60E305F6F71861C735F47EEF12851BE12819E8
checkpoints/h4_oracle/data/events_02500_02749.parquet,103801,E2D3EE7CDF8918F191A32825A0BE57B0020F9771A85E95DCFF5D3767D00864A4
checkpoints/h4_oracle/data/events_02750_02999.parquet,98541,0958F544DE76FC5F67C630D93341E2181172C1FF29B4C19C0BDB85369EE2E8EF
checkpoints/h4_oracle/data/events_03000_03249.parquet,135924,5603E2CA92EC1527F3F30A819CBD2E399D627F55935C16424C19D729657D4D58
checkpoints/h4_oracle/data/events_03250_03499.parquet,100249,8E7230D58B2517565F9D180674D535F4612308564F204B81E508D71F85B38548
checkpoints/h4_oracle/data/events_03500_03749.parquet,131794,6D3D9FFEF8471D1A1F92A2DDF3009610431431D5E344A79B5AF3F85851922FA6
checkpoints/h4_oracle/data/events_03750_03999.parquet,111825,EC96F945D8E8A1A3E2B7EAA58CA965FC00C266EB9DC6C35D4FAF4620C5F34A54
checkpoints/h4_oracle/data/events_04000_04249.parquet,147770,8CA8E50A2A3CA1C8D93CB135F9C44BA12F3424C913468BACDC167898C6BC6ED3
checkpoints/h4_oracle/data/events_04250_04499.parquet,173826,F2FEA7DA78A8C6BE2E47375C51687E9C449C2D2096C9E8D63FCF8EDE0B543808
checkpoints/h4_oracle/data/events_04500_04749.parquet,176142,B25D3A20A32573B500D008F60AE8C7A80463425F7AB01B5C7D697DFB2FAEFFE8
checkpoints/h4_oracle/data/events_04750_04999.parquet,162266,E7DF82FBDA1FBBEE13FEA6657C1F2D25148451823D26780AB0D8923942B8A105
checkpoints/h4_oracle/data/events_05000_05249.parquet,227814,78DDA8B8F4545A3F47B93CE92822C6D248DB9D1B7B3037536CF6BB6BBDD4D9F4
checkpoints/h4_oracle/data/events_05250_05499.parquet,224279,64D0EC59535F05AB6078828DC6F1311504EF0667C43B40AFC93CA3A00EC010FE
checkpoints/h4_oracle/data/events_05500_05749.parquet,153584,CA8F229FF72F8E47959C6C48FDC9474694CA41DF08D29308395276A8CEF26E89
checkpoints/h4_oracle/data/events_05750_05999.parquet,160344,F6FFC210883D8D4820E445C7D72C2CA841C7CD3DB3C56A376CA07E0232A90B2F
checkpoints/h4_oracle/data/events_06000_06249.parquet,102710,5D0EBCC23E9C4733CF1768D2C3FC64E48230638793D9BD3C98D1C87388582D7F
checkpoints/h4_oracle/data/events_06250_06499.parquet,125897,EB1FEA7DDBD9C503FFD93806494686DE7650D70D71C0CB32C84ED00E5EC6BE08
checkpoints/h4_oracle/data/events_06500_06749.parquet,173470,D42E4A0130722C99FD7623E3B95D0B35EF9AEF762061A5FC3CBBE5CCDBDAA132
checkpoints/h4_oracle/data/events_06750_06999.parquet,147288,AEE4D7BBBD9E48DDF312A03A837D4A00B600C3310FA7D305B1DD0C90929FFEB3
checkpoints/h4_oracle/data/events_07000_07249.parquet,186778,63980B0C0A65C8BD28C5D6859A2C90BEDDF809FBECD6F02B28B419502588DDEB
checkpoints/h4_oracle/data/events_07250_07499.parquet,185693,FA90870CB5ED997F30BCBF2CD40A95A6603DA041DF19F3103C42485DA092F0CD
checkpoints/h4_oracle/data/events_07500_07749.parquet,150835,BB83C77E2B56DAC451B56463EE2782EE39B59BBC2896ACC9B92246D877B85EE4
checkpoints/h4_oracle/data/events_07750_07999.parquet,176122,B53823D4077F2E46F6B5342C29A4F787036B6C0A0CDC69BE0668716F6EB92FD2
checkpoints/h4_oracle/data/events_08000_08249.parquet,149489,C66950F9612C09DF46795C09DD602BD0FB8E9AA2D5774070EF7EC9A6C59E2D16
checkpoints/h4_oracle/data/events_08250_08499.parquet,148995,FED566DC965E0B128BE9EC28C317DA8D80DA3C26DD08D3CC13730BCEA7C7343D
checkpoints/h4_oracle/data/events_08500_08749.parquet,159261,A52F3B948D0CC04F44671B8B434B05229B3124E54AEDE433CDB2D76A8DEA892E
checkpoints/h4_oracle/data/events_08750_08999.parquet,313057,A22242A22D0F4DA98B9F17EE987734F9DABBDEC2F5F1077F92086FBBE562612A
checkpoints/h4_oracle/data/events_09000_09249.parquet,535485,3538F7EED149649F37D576D320E5CA0C7F9FDD3DD76D313B233303AF2EDCDC4F
checkpoints/h4_oracle/data/events_09250_09499.parquet,154403,04781C883219F34D45DD4210123BDFF984C1A6B6118829D5EF6CE4737261E219
checkpoints/h4_oracle/data/events_09500_09749.parquet,64756,AEC4B4B725FD543DA82A5E96F6567210571A366D162D5614DDC0250016A63FB4
checkpoints/h4_oracle/data/events_09750_09999.parquet,101830,4230CA2C700F5662798DED49C688526911A05496958AF59BE190EF2EC82D3D51
checkpoints/h4_oracle/data/events_10000_10249.parquet,128356,A63671B3BA5E8C8D6AD55DED143EA3527E506D1E152F13091447A6B717C83FA6
checkpoints/h4_oracle/data/events_10250_10499.parquet,103897,26918B4A57B60BC76995B95A599DECF59B876A9852692DBFAE0418B4BFD39D96
checkpoints/h4_oracle/data/events_10500_10749.parquet,165209,B051E55562F70F58D0A7A182C11A1E29EE60CF7B96C20AA324764F4A04607F0E
checkpoints/h4_oracle/data/events_10750_10999.parquet,133245,2EB13711D65433A977FB33B036B9D51197F2FB881B4ED0ED6FAA1C487FB97EE3
checkpoints/h4_oracle/data/events_11000_11249.parquet,155373,E9EFC42D94A8C070D2BC6C906F3AD7E728680F8D5081D95EFB1C17810B31224F
checkpoints/h4_oracle/data/events_11250_11499.parquet,179766,BBB66AF8259A4530DC35C52ABD8154C6741FC55BCA33E0918041131ED71192CB
checkpoints/h4_oracle/data/events_11500_11749.parquet,105070,DFD915647D0758EDFFAF45E8D8E440024EC9B6B75C256FFA1A880B30D79020CF
checkpoints/h4_oracle/data/events_11750_11999.parquet,175801,8E7FC85938BD068FADDDB5BBE16496AACF6EF9DF6B109F014A62422682C1BB13
checkpoints/h4_oracle/data/events_12000_12249.parquet,119186,FA066E2ABF696E417253A3B022D51F9181134BCCB0A2ECEB1C1FF11F171DAD9D
checkpoints/h4_oracle/data/events_12250_12499.parquet,110475,9449F7EF4CDAFF79499C3290D2FAB706F48DFDCDA7ADAF7FF1966C90AA72D747
checkpoints/h4_oracle/data/events_12500_12749.parquet,117648,EA97857586851B08A8C52BF21E5502B3C262003CCED276A846AFCD2C1739ED2B
checkpoints/h4_oracle/data/events_12750_12999.parquet,68831,FBFF181FF80F4299D805CD4C2B11D6ED9D5BB7013971E221ED3C659938845B4C
checkpoints/h4_oracle/data/events_13000_13249.parquet,99905,86728B9C5FF6896E81C394FCA8952D5C323DAF17439083A024A1A17309CE3D0C
checkpoints/h4_oracle/data/events_13250_13499.parquet,106121,119BE5D07BF0E21A28F5E4FE4DF5A7F6125A273205A1B99376E7F868B31B13B5
checkpoints/h4_oracle/data/events_13500_13749.parquet,100788,2DEB6A2C872DF128FEF8FAB98A6C7452556978E9D4BDA62C4949207EE32FA390
checkpoints/h4_oracle/data/events_13750_13999.parquet,155947,431E83FE5E3BEE6E3100566A3B0A6EB6809057CD6D5745B09491CFBD9E2F6A8B
checkpoints/h4_oracle/data/events_14000_14249.parquet,95686,63655EA9DF34C6A0DBFE4599B26AE0BE4C0996C1978253D2EAB80C689FE55013
checkpoints/h4_oracle/data/events_14250_14499.parquet,79678,EE1D8B8815B2C5241118652FCFE7F626FA0B6DB39AE8B7B58115B1DAEA3FAF4B
checkpoints/h4_oracle/data/events_14500_14749.parquet,123727,5EEEE1766619147B723ED4C0F9584EBDCC59F6892EF5FE39DEEF5CEE7EB3C857
checkpoints/h4_oracle/data/events_14750_14999.parquet,105169,55D48FFA58B0A4447495A757A93F4CBBCE9E0B2E5A4A6730F237B070E408AA65
checkpoints/h4_oracle/data/events_15000_15249.parquet,119568,915E54ABC0CE6F6A153B6DDFA82A87D97B654142B945D1AA9822E23312548C6F
checkpoints/h4_oracle/data/events_15250_15499.parquet,123080,6D8BA82C62835971F8EDFD26AEE84C2A816C630205705B18EF59816826DA6F88
checkpoints/h4_oracle/data/events_15500_15749.parquet,83218,E4CA0BDE6B7F31471E2A04CC32A8E54E2FD195B3076B19F8372500FF914180C5
checkpoints/h4_oracle/data/events_15750_15999.parquet,127735,B5F9DDC011C16738763ED7F0403264A54EA04280116CB27614D2FEFFC187A8E9
checkpoints/h4_oracle/data/events_16000_16249.parquet,104882,70B8D0182E3664EF354FC2944BCE82E0FC566F5C26BEB56F6E25F076C367807C
checkpoints/h4_oracle/data/events_16250_16499.parquet,119441,F35C78FA752CC8AE5A9D497993835FCABB4F7B75E3D09558E893DF81DACDB3F8
checkpoints/h4_oracle/data/events_16500_16749.parquet,145328,F8388F3B5DF58C8E030A10F61209B68A0FABF4A23DB48B05DC2807DAACF15C65
checkpoints/h4_oracle/data/events_16750_16999.parquet,93049,763C29972586A2C855C43B5ED4B87BD0A0AF5ECD8F0545ACD1C422E559E93194
checkpoints/h4_oracle/data/events_17000_17249.parquet,88490,BDE04F48A6731F18164E173AFCBC98BCCBE1502D30F7F9B6E3E2CE3DAED58441
checkpoints/h4_oracle/data/events_17250_17499.parquet,116400,8D5F42572F8B0FE765D62C737BBF49BEF61EE62E7BFE81432AAA3D6C345411A7
checkpoints/h4_oracle/data/events_17500_17669.parquet,139889,0DD69031A1FD820AF052DEED9015B73F826AB73BA6C05F22766533BF3B1315C2
checkpoints/h4_oracle/data/events_17670_17672.parquet,5122,BBDE417384E79D127C88A066C044C4656A7145C34D3CD5201ACB3556CFBB5DC0
checkpoints/h4_oracle/data/steps_00000_00249.parquet,44463,390D22F1918FC205E0800C2462F618CFDBCCB314F185C01A978674F5546739DF
checkpoints/h4_oracle/data/steps_00250_00499.parquet,44354,72661F60C2C590BA07E4F6DF970AA160A91F100089B61E3B370883762A8E5FD2
checkpoints/h4_oracle/data/steps_00500_00749.parquet,43678,19F59AE2036C461BD294C399C39C0B622E94241D5A0A60D2353B3D3761A9F5B3
checkpoints/h4_oracle/data/steps_00750_00999.parquet,42519,530B2DCA947A338AD225A12B160EF7937E4AA3F242CF66E1F27F63F37DA2243D
checkpoints/h4_oracle/data/steps_01000_01249.parquet,43823,644C101CB8691443C0D7DA3661CEE7FC56B61690F4505B57B32775BBB1410973
checkpoints/h4_oracle/data/steps_01250_01499.parquet,43536,E60A0A6C846B075E7B042BAE6D6A2BE826239EEE408E25414FCA956A0D9615D7
checkpoints/h4_oracle/data/steps_01500_01749.parquet,42879,095EEAD25515D16573A5807563748BAC282149E5C8988E6708364D464388094B
checkpoints/h4_oracle/data/steps_01750_01999.parquet,43346,56B7655C2BE0A98640EBA85D3294BF3B437C50A19A57D96CC169947713FB2F2D
checkpoints/h4_oracle/data/steps_02000_02249.parquet,42688,DB655AED09CE2A0D8511CD24056AD3DA58C7B75F22DA2C6CB99C328E805EBFEF
checkpoints/h4_oracle/data/steps_02250_02499.parquet,43296,E4DBD589AFCE0889EC43D04B1B1BEF688C5329AD70542BAAFE63F98461BE8EDA
checkpoints/h4_oracle/data/steps_02500_02749.parquet,42811,18E7E2E4D9DBF0A4B68821099D2FC4A4E9A841E1902E993E4A8DB7B1AD81C571
checkpoints/h4_oracle/data/steps_02750_02999.parquet,42253,1C3DD77672D1AC38ABDCAEB3D5B55B931A9F11075B479C902610243BE5B653B6
checkpoints/h4_oracle/data/steps_03000_03249.parquet,43429,9A192D7AEA54B7F38BE1F9AEE8D57ED2CCE0E8F9AB1226F20AAE1D47BB3CC8E4
checkpoints/h4_oracle/data/steps_03250_03499.parquet,42607,2D9B58695136789FC86C9BB8B4623BBDAA3E125678DBF027815717F79932B124
checkpoints/h4_oracle/data/steps_03500_03749.parquet,43381,27606F70A365CD3036F11FD73C7259A40175BBA548EBC96BBE5365850D597457
checkpoints/h4_oracle/data/steps_03750_03999.parquet,43125,B0ABF139FC59EE5D326465BE548C792AB9E323C66CDAFA6F99BE84BC93A6E539
checkpoints/h4_oracle/data/steps_04000_04249.parquet,42858,095524340C0FFC97A7C98051BC7826ADEB23FCE943547E3D1788FE7D0CDB6E11
checkpoints/h4_oracle/data/steps_04250_04499.parquet,43686,D35FC2756E2A46B7CBADE175369EA27194A8032D54653A21A77A63B757E6F9FB
checkpoints/h4_oracle/data/steps_04500_04749.parquet,43816,30BD713FDB5467E7936579C1CA37A6DA637E56B167945F15C6354CD34F8A41DE
checkpoints/h4_oracle/data/steps_04750_04999.parquet,42992,D3749E942862FE8DF0606F206A423ABD6772BA76D3CAFCFD1DFB54E6EA76ADFB
checkpoints/h4_oracle/data/steps_05000_05249.parquet,44882,18A574905061569BA1F350BE9B9846F578A0F645D64A6B04AA2EC7251F5D6DB3
checkpoints/h4_oracle/data/steps_05250_05499.parquet,44809,C717683FD0FAFFD5F04492F47236F18C1A0DC5D007D2CAB38230D22D94D9E3C5
checkpoints/h4_oracle/data/steps_05500_05749.parquet,44063,2AF64B24DA79A3A83CD3AE1DED95C75DEA93BFCDB494C55D6FEF7DECEB7D53E2
checkpoints/h4_oracle/data/steps_05750_05999.parquet,43974,CC9EB6C79BBBD3CC6F9A35B8BEE48D78A64580842F72EAEC3E3F6B82DE7F0C2A
checkpoints/h4_oracle/data/steps_06000_06249.parquet,42917,11C265733C38D635AEE9FEDBDA546E9D45170687FA17998D065E439BBA27A8B9
checkpoints/h4_oracle/data/steps_06250_06499.parquet,43694,7E23A3DD7AA50B8F28F1E9AE7FCAB34F26ACB68C504B7DDE9FF386CFF9FB7450
checkpoints/h4_oracle/data/steps_06500_06749.parquet,43402,261CC4C9573110D1AF04AEAC19502CB90A87DE0976645868D24CA4FA1C769369
checkpoints/h4_oracle/data/steps_06750_06999.parquet,43069,B2CE6BD289F9C8F0E128AD3D1EF3AD8B09240F4B25E527AC0B49A11887A90864
checkpoints/h4_oracle/data/steps_07000_07249.parquet,43765,9C135153D51104D251FBB659E1EC8A472FE768E72788B421ECD42C366B7F56B7
checkpoints/h4_oracle/data/steps_07250_07499.parquet,43897,CE20E404B2AD86FE5ED033DD786ADE0EC4102981823E35921B2BFBFDB2C83EDC
checkpoints/h4_oracle/data/steps_07500_07749.parquet,43120,F8A535DECF76E71B1A9C94C8908DC36E0962A0084ECEF7BF62A9F0CFC1DF4C44
checkpoints/h4_oracle/data/steps_07750_07999.parquet,43615,7EA28B3B1F9D942036AA9F5116C117BE7AB0D8539C69D8771D1CD338048ECBC1
checkpoints/h4_oracle/data/steps_08000_08249.parquet,43168,341FF09F8417FDC6BCDF51F139745B19F8F0AAAA3595B2AC6355BCFFD90B86F5
checkpoints/h4_oracle/data/steps_08250_08499.parquet,43699,981F3DE19291450003569DDB8DA80F1B984F30720F60428AC4FA480C836260FC
checkpoints/h4_oracle/data/steps_08500_08749.parquet,43754,C49014425FC06BA1E0BC904EE1DF2186B5E8FC10E09422627DF46ACFF636A4BF
checkpoints/h4_oracle/data/steps_08750_08999.parquet,45566,A7D333CAF62891F9432406ED5707425699134A052EE602F02B87110EE14AFDF7
checkpoints/h4_oracle/data/steps_09000_09249.parquet,46187,B8AC15D093BC020025C195397A6E04D1E8A176E4F1F16F4A1C049A30830D422E
checkpoints/h4_oracle/data/steps_09250_09499.parquet,44432,34EC4AA3B4461B02DEE3AF8C2D18359F0A8D85CB5A894032B577F83A8361E524
checkpoints/h4_oracle/data/steps_09500_09749.parquet,41780,3EF3088571153ED6B524BEC474093A4FD5707B73F8D558D89ABF55A3D8BE71DD
checkpoints/h4_oracle/data/steps_09750_09999.parquet,43540,9F0CC9D6927CAE24188B835809A2F77B9515D2754C2D32D964D0DDBA7E9813E3
checkpoints/h4_oracle/data/steps_10000_10249.parquet,44012,AF08C5B5EEE51721B159D5A9ACEE43E383C95C7F11D8BE377C518B8064D8F75D
checkpoints/h4_oracle/data/steps_10250_10499.parquet,43551,49332A1A2439E6747A366E648F169C72D30FF1F71FD5910DBE91D852B9DB0ECC
checkpoints/h4_oracle/data/steps_10500_10749.parquet,43712,366565BB15D69A87020683D878FFAB748773BF20EBB23C253F88FAC79A8DF93E
checkpoints/h4_oracle/data/steps_10750_10999.parquet,43105,2A24D6874CC2B3C381EC43BF1F9BCA61D1D79A0AFFEF6A1F2A46BCDA809B5C2B
checkpoints/h4_oracle/data/steps_11000_11249.parquet,43597,A551AEAFF3E3230DD9B3D9FC8385D5C311E25D814557E2A490F038042E6D0981
checkpoints/h4_oracle/data/steps_11250_11499.parquet,43874,F7DDA048A3A1D074D1032E03235AA88579DF7209ABC0888889ADB0C6E23F53A8
checkpoints/h4_oracle/data/steps_11500_11749.parquet,42403,D2DB0A2BB16AA9711E12B91CBE07837471183B616330B3424460EC28FB142CF4
checkpoints/h4_oracle/data/steps_11750_11999.parquet,44219,89D52DFDA734AEA7E7EDC1DD6F3E46B31C4CAFD3AFEE009DAB0857C23F6A47A8
checkpoints/h4_oracle/data/steps_12000_12249.parquet,43106,E781ABE818267326F894227DD7C538B6DAF66ECAEB4D1510B342C77779743427
checkpoints/h4_oracle/data/steps_12250_12499.parquet,42816,30F920A3D4C7322EFF3F614CB451E1B85A250368823CBD42B3B765FA9FC0399F
checkpoints/h4_oracle/data/steps_12500_12749.parquet,42812,24350C606DC9DC96AD6244425866ADFBE2AB576163261517B188321EA2CBA292
checkpoints/h4_oracle/data/steps_12750_12999.parquet,41604,B964EA270151D7A0E34405EAFFC1AAE6BA8FE3F229FA874FB614BDADECEE4F32
checkpoints/h4_oracle/data/steps_13000_13249.parquet,42947,3573F828D9646C08FEA502EB0CD61AB159466D04B38FE809ADFA62130E66F880
checkpoints/h4_oracle/data/steps_13250_13499.parquet,43174,6D9315F747C06B0FB6FB48809918776972E40530F32810BD7B8351D2AD85312A
checkpoints/h4_oracle/data/steps_13500_13749.parquet,42667,CD5B1CEA1C68C6C207AEACC240DB0E8CB0639796839C7B841701718A64B03474
checkpoints/h4_oracle/data/steps_13750_13999.parquet,44218,3DF984588BA85B6E02346FC25FC20FDBE5F4EA3572593FAE8D71DDE2DFC6609B
checkpoints/h4_oracle/data/steps_14000_14249.parquet,43137,8D60E90E71D26BB3706BA1ECD5C881C552E20930AF400298F40A37B7254471E9
checkpoints/h4_oracle/data/steps_14250_14499.parquet,42310,6EEEE59125996DAEA39C13931001319CC3EE918764F7B7DFAA7A243E538FB217
checkpoints/h4_oracle/data/steps_14500_14749.parquet,43848,2B13D362D319B7907765E4CECDFCAB5605D086BA6FBF0A7FCC39A7FC31077515
checkpoints/h4_oracle/data/steps_14750_14999.parquet,43433,5E15F60DCDE4741D927D95B3FB7C795B77A28ECCA19043EE87DB5DF785834E3C
checkpoints/h4_oracle/data/steps_15000_15249.parquet,43991,4D4B2AF3228DDF0767816700F671D7F30323B189EABB33F61E00F7AD767E4644
checkpoints/h4_oracle/data/steps_15250_15499.parquet,44034,DCCA3BB877C0611666A600D8CFFA0B63E15490445CE34AB3ECF6055737C679B3
checkpoints/h4_oracle/data/steps_15500_15749.parquet,42274,6CE1F2B9F43A4DA41EF695EBB76B3D53656F0074A5BDCEB3B8C765259F5AC305
checkpoints/h4_oracle/data/steps_15750_15999.parquet,43501,CE6FF3FA270B18436F9F9349E9262B4D859DC1E39009E8D90E94C5BC9D66295E
checkpoints/h4_oracle/data/steps_16000_16249.parquet,43168,DF02CBC082E3BCCE198DEE5B3250300AB0D318F0B75F8D932E1CDDD40FE034C9
checkpoints/h4_oracle/data/steps_16250_16499.parquet,43739,937CF668673C35549655169084D82257A05328EB66F9041A8DB6B362235BFEAE
checkpoints/h4_oracle/data/steps_16500_16749.parquet,43930,4DDF0460300B8334B92E674EB2C14C393CC8DBFA2B6AEE3FD0778F354A3B9D9B
checkpoints/h4_oracle/data/steps_16750_16999.parquet,42800,FD4B926C8FF6CFA8C3105192968162E5D0DB1ED3BE79AD12CC45CF87CCDCEE89
checkpoints/h4_oracle/data/steps_17000_17249.parquet,43045,083CE1C01B5CE1A4E8DF0B9A54A5CA33A49E6ECDA62A91D8E42DC879E8B7C80D
checkpoints/h4_oracle/data/steps_17250_17499.parquet,43419,74F3D44A5C75FEA5F29641EC16F7942385E91E339EBF80DD098938983693C6FE
checkpoints/h4_oracle/data/steps_17500_17669.parquet,33234,9ECE81118D6F7FED4BA335864D960B5EC96C9941F7CBCC60526D58EE019388D1
checkpoints/h4_oracle/data/steps_17670_17672.parquet,12012,1E2DF602A6E4024E26A636EF661088B7F1260A1FBEF221B1BD109B15A60B8C53
checkpoints/h4_oracle/latest_checkpoint.json,276,9E893BA251A1132DD178BBCA449695AA10CDBBEA706382BCA0ACE6BDCB4D2B7D
checkpoints/h4_oracle/run_manifest.json,1273,88A2B12E6AA3298A120E592044770041559D6AE1298CBB6C37C8925BEBBFF937
checkpoints/h4_oracle/states/checkpoint_00250.pkl.gz,86035,995240CE23CFD29FDBD692FF309ED4943ADEFAEE4F04A0C1518E0395F4417A76
checkpoints/h4_oracle/states/checkpoint_00500.pkl.gz,85464,08FE6FCA3F1CF9444C861ECB446B277EBE30EA2F48277474E98FD333C32D47F0
checkpoints/h4_oracle/states/checkpoint_00750.pkl.gz,90293,8362B418D1503F174C38834F7A1300AF1FCCA790C732D36C37F3B489A92A6A52
checkpoints/h4_oracle/states/checkpoint_01000.pkl.gz,89080,06073EAE013479879A4F1D4B29B6AEB8FE6DC70D151F30CCA94D46671902A5C2
checkpoints/h4_oracle/states/checkpoint_01250.pkl.gz,93062,92FF7BC582B5524DE07D35AAF9B8713CE7A7EF06FF4682C24B7562A3D7BBC821
checkpoints/h4_oracle/states/checkpoint_01500.pkl.gz,94227,5F8C3D06F74A6F12EC22049304D96889DD642434AD820182E6419085F1082331
checkpoints/h4_oracle/states/checkpoint_01750.pkl.gz,94238,919B1B490364F3D541C239799F8A450A849E03CB9030945D72FAB6865D8B8B51
checkpoints/h4_oracle/states/checkpoint_02000.pkl.gz,101776,F6637770C7A695A963FC57DD998ED3C20233FD0FE43DAAAAC7DE5BBBEF3B052C
checkpoints/h4_oracle/states/checkpoint_02250.pkl.gz,102142,6DA2C07C34AE858A2A6BEC7A8E03A84BC08B62339B4162B5EA422D67D5CE4B58
checkpoints/h4_oracle/states/checkpoint_02500.pkl.gz,103939,1C90A994A21CCDF17AC6822D6C327D487F31CED605B2CED0F0284C2C978D3AC0
checkpoints/h4_oracle/states/checkpoint_02750.pkl.gz,107920,C4FA4AE2B87E54D8A1B3BE0BD7CD7B0AAED9CDC5A595E75CCE878FCB02F5FC37
checkpoints/h4_oracle/states/checkpoint_03000.pkl.gz,107369,9CE9E52007764528A6FC52BE4F5F2A2DE9E209F7336D0A98D8AE198EB87DB80E
checkpoints/h4_oracle/states/checkpoint_03250.pkl.gz,113310,358C050891A7DAF265CEF0E46F261B33D5CC9C32506973BC4BB89C4A4FBBDB44
checkpoints/h4_oracle/states/checkpoint_03500.pkl.gz,112061,091BC500024E08820AFCFFA34011B4F91E64133930A629EBF023071CFBD4B49C
checkpoints/h4_oracle/states/checkpoint_03750.pkl.gz,114232,94C3D577C89A333FE43EA69607E9B6A9525D1B753ABF01C191EE865874CF5C43
checkpoints/h4_oracle/states/checkpoint_04000.pkl.gz,117202,47354F6BF05CB6F65AC46D77E49EABF5F641E0D7570A83E7893F5682BD20A7B0
checkpoints/h4_oracle/states/checkpoint_04250.pkl.gz,117748,C94A73C25832557F7DAAE93AAF91C493B900B20E106861F3FED8EEBE77E2967D
checkpoints/h4_oracle/states/checkpoint_04500.pkl.gz,123769,5552BDA34204B886FE3AA1644A723E0BB42014F8B05D938920FE4BA825874521
checkpoints/h4_oracle/states/checkpoint_04750.pkl.gz,125094,38C4507D53CB74D4F5447C28B59355CBF98FDEBD849538A56225BF5B30D60F33
checkpoints/h4_oracle/states/checkpoint_05000.pkl.gz,125094,903597BBD1F12594F9BDA96F9E0435102F6254A8BB01181982E3B54FEBEDA061
checkpoints/h4_oracle/states/checkpoint_05250.pkl.gz,130776,AC0C4A033E79E11A3B70AB931FD6A768EDA25C44767D5EC8D88CA3342D41B063
checkpoints/h4_oracle/states/checkpoint_05500.pkl.gz,130117,BE31DAD86AEE237CA109623E0258264E798B4D6D27A9B76136884CEFF2FD1B79
checkpoints/h4_oracle/states/checkpoint_05750.pkl.gz,134836,995EBE8D51DDDFD64EE08FAEE8F514C747B3B79423279B82C77D661346AE8602
checkpoints/h4_oracle/states/checkpoint_06000.pkl.gz,135248,329EE10174DDD3690B3EA928C08EFB290953AD00DCCA198B2444A0618CD5C596
checkpoints/h4_oracle/states/checkpoint_06250.pkl.gz,132883,E7D6661C0B1F02CF1DB70E5FFF2C508ECCB7FB090B5F2F7F99620586A6E986AC
checkpoints/h4_oracle/states/checkpoint_06500.pkl.gz,134775,79FDDC9F92FFA0FD71C000D2E562F9AA4A59B86CCD42B4BB70904B0BE7B72149
checkpoints/h4_oracle/states/checkpoint_06750.pkl.gz,131310,64386CB42D22CEE318D7C1176F24178618E4A1CD6848AAB77B07ADB60CC4C771
checkpoints/h4_oracle/states/checkpoint_07000.pkl.gz,133631,45EFDBE6D0EEF1ACEBC6DBEA371DC45A133546BB213931AE4910730B9B280085
checkpoints/h4_oracle/states/checkpoint_07250.pkl.gz,129978,322EBD3DD677D7A7527533760565848A5483E4E8A707102262A875C780556CC7
checkpoints/h4_oracle/states/checkpoint_07500.pkl.gz,129491,5E6E7E39129D85EC323AB78A22DA915729C9EAFF1C6703F43A46DEE4B77182D2
checkpoints/h4_oracle/states/checkpoint_07750.pkl.gz,133037,F6D854C4C25A5301238C415698D86D161333A601DE31911A659D10E9D925C903
checkpoints/h4_oracle/states/checkpoint_08000.pkl.gz,130791,F7DBC92631C318103E7847FBCA41D9FA148309AB8270A9F0C001AA39E4CC6D6A
checkpoints/h4_oracle/states/checkpoint_08250.pkl.gz,135878,798F8F98448F69AEFC372F7E7DD51E7BC19DDED6C39ED9A0FF21541FC39CB7AD
checkpoints/h4_oracle/states/checkpoint_08500.pkl.gz,134992,A037BBC2E07C13BCC899517AE9BD252B65F88833DB81CF417C9C8F4EE63E0FD8
checkpoints/h4_oracle/states/checkpoint_08750.pkl.gz,136134,69985B9C969DE103854D497BB6B71A7F58066E5817EAB33EC3F9889487FA23FA
checkpoints/h4_oracle/states/checkpoint_09000.pkl.gz,149265,2D4FCD6D8DA7CFD68337CD1D2B4347F5EF185D64492A78697241BF7551A87CF9
checkpoints/h4_oracle/states/checkpoint_09250.pkl.gz,135837,EE2FF5BC90B1604D1EDB326AAF829D9AC2F657E20CD580902660FFC70DDA7EBD
checkpoints/h4_oracle/states/checkpoint_09500.pkl.gz,133292,AA385BA5BC6F2B9E1029759BD111B867D474EE0C5FE1B2A4586713D50216FACB
checkpoints/h4_oracle/states/checkpoint_09750.pkl.gz,132554,D344213CCFB659D03206319EF18CAD382BECF497DE6BFDDB67E00E6E9CB39C5C
checkpoints/h4_oracle/states/checkpoint_10000.pkl.gz,129231,20BFF1D7F77BFE0577D21CD9878C0465A9DBB307A1196B10CC21AA268AEEC614
checkpoints/h4_oracle/states/checkpoint_10250.pkl.gz,132633,0EBBB5DA1968D249EBD2B4F176306323D15408F47FAA071164553D843A58613C
checkpoints/h4_oracle/states/checkpoint_10500.pkl.gz,130007,5203C07354F8E995D07E62728F6CC03D91CEF6AD4A348F8E219C7F37BECBE96D
checkpoints/h4_oracle/states/checkpoint_10750.pkl.gz,132354,70FA43044DC3D90048D3B46881EA8453648A119B10974644B055B87C57996E84
checkpoints/h4_oracle/states/checkpoint_11000.pkl.gz,129445,30F60E39CF8F19AD69FE68B0BC2D3D963A5C3D3CB058DEBDF74E1FE804B6261A
checkpoints/h4_oracle/states/checkpoint_11250.pkl.gz,129584,4CA4F2C4C8B2453A3705D2A5FE6BF5553115DFDBA8A83931C86A80ADC81C0B0E
checkpoints/h4_oracle/states/checkpoint_11500.pkl.gz,129759,2B4CC1AF7F74C4D54D39F3535B6A76096E39434042708C73E2C40E0CBDF38276
checkpoints/h4_oracle/states/checkpoint_11750.pkl.gz,128110,76D43965EB6D1CE1E39794B63DEED2CE51B93462FBAB7020CBD15A52107374F4
checkpoints/h4_oracle/states/checkpoint_12000.pkl.gz,129544,B51305E9716FAC6A352CD729B8D5E931E3A4BDF157105E35E4B229BEAA6C2984
checkpoints/h4_oracle/states/checkpoint_12250.pkl.gz,130125,8C30B40EF6F87C0A1EA97E954980BB516B2A06D6E3D61D382476A8D8201140C4
checkpoints/h4_oracle/states/checkpoint_12500.pkl.gz,129989,1901C18FA31E89C5301C8A92AE2A407E712C4520FA3601920448E07DBD3FDD47
checkpoints/h4_oracle/states/checkpoint_12750.pkl.gz,129489,6AD11484AB500B3F64CEC7BFB254F4ED4D242AF613DC9C5200FAA93CCD62C9F6
checkpoints/h4_oracle/states/checkpoint_13000.pkl.gz,128511,86947C3548ED66BFEB3E33DF2AC8DF19B811ACA13FAB19A47EC614BD876C3F8E
checkpoints/h4_oracle/states/checkpoint_13250.pkl.gz,125614,482137994D9CCF0C145B1A4D800EF295A60543F32FE36542BC3B6CCC3734695A
checkpoints/h4_oracle/states/checkpoint_13500.pkl.gz,129744,482CBA2FDEFBF8A53F7C305D74924C59B31496E982AAEC7E9520248AB34D6FFE
checkpoints/h4_oracle/states/checkpoint_13750.pkl.gz,123536,DD614BC016C8A1DACA8128FAF96932F9E65069654208A0C3440AB1BF6946DAA2
checkpoints/h4_oracle/states/checkpoint_14000.pkl.gz,121844,1A25A174D879C9E67F44DA0C375E9E97AAE63B02CB82D08341A7CEE6E769FF6E
checkpoints/h4_oracle/states/checkpoint_14250.pkl.gz,121209,81692E956A0410D0896ACDB59FEE1981BC7582967BE5293875E60B137E372C05
checkpoints/h4_oracle/states/checkpoint_14500.pkl.gz,119805,2D88DCA9E98649288F5C75CE5D8EA8F2CDBD5D8BD057B84C8C13290CB39D5F5C
checkpoints/h4_oracle/states/checkpoint_14750.pkl.gz,122907,D16C95C803DBDD6773DE07A777BF161B57082B2434298FCA2FE166D3776B03AD
checkpoints/h4_oracle/states/checkpoint_15000.pkl.gz,121870,FF251E1C9239F85FF65E9AB90841908D9C92E8139BE980A7C72A219092A27593
checkpoints/h4_oracle/states/checkpoint_15250.pkl.gz,123797,4728882A53108724A4D01CCF65C06A84B61265C2E868896F028C50139F85AE58
checkpoints/h4_oracle/states/checkpoint_15500.pkl.gz,122188,300BB20F42765F9C1D1F04BA2CB70BBEBE8DC766D9F4AE273AC465841D113527
checkpoints/h4_oracle/states/checkpoint_15750.pkl.gz,121859,6012C8CF0904DF93CC9C7B987AFA1B7513891C2E3EDB62BF5D058AAE6A19757D
checkpoints/h4_oracle/states/checkpoint_16000.pkl.gz,119441,42B845EE579FA12B5E44B9743FBE2F5F44FA7266AAE90EBFD68899E242F9115B
checkpoints/h4_oracle/states/checkpoint_16250.pkl.gz,117014,EC23DF7C37A26590F2FAFBF3D9AAF8D8BA25E314327F8041617243A3F2B66A16
checkpoints/h4_oracle/states/checkpoint_16500.pkl.gz,118428,A2CC2B988BFCD73553533CA058C87943EA1E604308CDDFF360052714574DB7E4
checkpoints/h4_oracle/states/checkpoint_16750.pkl.gz,112967,8BA31B6588FD4AC6248F5DAC1A8067844579F2F90D291F788EABB61618B5E4E3
checkpoints/h4_oracle/states/checkpoint_17000.pkl.gz,110172,C61DCBEE9D50F943E00CED953ADB59ED34626925CF9578F5606B619D7D451728
checkpoints/h4_oracle/states/checkpoint_17250.pkl.gz,111190,E49D1A205B82C8C8093C8476E5CB167C49E64DE21B2660814FF680148730E4D5
checkpoints/h4_oracle/states/checkpoint_17500.pkl.gz,105247,DDF15FF4D5FB6092C1644EC58D2D5341025A1436F982507926430F4C3B7BA731
checkpoints/h4_oracle/states/checkpoint_17670.pkl.gz,21435,EFB7B4F59352D99E96D8B6702089A4AA70C5CC3C04CBB0DE039FCDF40D5CCE89
checkpoints/h4_oracle/states/checkpoint_17673.pkl.gz,20157,83228734C56E14646F8E068B2661AF68764E6F167292AAF6300C87F42343450D
checkpoints/h4_oracle/tail_result.json,624,697300C1C75DC0423D64559B0F7D4B16F592274F6A0B95A9730911E5958DAA89
plots/01_total_stage_cost.png,26223,93C5C98DA90ED9F2601B248F8302D0D2CADA3CD0646A215875E9B4CFC9A0CD7B
plots/02_electricity_carbon.png,29148,36A263FAD2F6B917D9E5C4F6F3AD617110E7FB34B6D93D2D28B00294FD46DBC5
plots/03_daily_stage_cost_delta.png,133997,7B9ABBB66906548ECBBADBA3F894BD6ADE299B69ADF0B02F24981866A724AA37
plots/04_pressure_stage_cost_gain.png,47719,7CCE96701E423631D1EF10D150214497697736E4851A754C9ACD883CEF95CEB6
plots/05_shadow_disagreement_vs_gain.png,185260,1EFBC4C320C1FDA00257459649137D9A8972F4143DECBCB47FD491AEC98C7D72
plots/06_fixed_state_action_cost_gap.png,52936,65C1F236B93DF36230EF285D62E2236AFB69A520A9C9D8977101C76AA42FEB1C
preflight/checkpoint_exact/h1/direct/data/decisions_00000_00099.parquet,167225,437EE05F87CF005DBC044F53E502D07B631468507EC9EC6871A0DD28D4B2A787
preflight/checkpoint_exact/h1/direct/data/events_00000_00099.parquet,130961,F85C0AA284F261A238F851FA9E02BE414358E0CD56B86CB11E080F0058FD0A7A
preflight/checkpoint_exact/h1/direct/data/steps_00000_00099.parquet,25917,161621F18B2112B22640428709363AB7D306FFF802B13496A92CE81E4AED08D7
preflight/checkpoint_exact/h1/direct/latest_checkpoint.json,280,C5A2C5E7B9BBB56F138252F73CEAF5CCC40D1027BB099A861D35215909F3D50B
preflight/checkpoint_exact/h1/direct/states/checkpoint_00100.pkl.gz,71311,2FD512538D6723DD8982C6CF81457138EE0DCEC12B44CA4E751888A5868350BB
preflight/checkpoint_exact/h1/resumed/data/decisions_00000_00049.parquet,108280,37A040D32B2229A6BE1CB7183758E8B9464A484CD3A3C863980E0736B611F022
preflight/checkpoint_exact/h1/resumed/data/decisions_00050_00099.parquet,63009,74B47307A6438049099DFB9B70242B23E9FF08B2F5D2120BD4DCA86A6D858181
preflight/checkpoint_exact/h1/resumed/data/events_00000_00049.parquet,83903,F461CDCE74951479E60F92CBC908B14CDC3645E70F2A2D888F2205E47C462240
preflight/checkpoint_exact/h1/resumed/data/events_00050_00099.parquet,47197,782736BF2D9E200BFABD1B726579B9D5C0FA9F0C609E0115E11F7CD9E7459EE8
preflight/checkpoint_exact/h1/resumed/data/steps_00000_00049.parquet,19201,4299D4DB506EF52001EB08C7427A6691C19881841F98B4144B504519D1ABDF6B
preflight/checkpoint_exact/h1/resumed/data/steps_00050_00099.parquet,19102,3CBDB188B3A45E21FDE5459EC6C15E8DBF630C2E6AFA90FAC3B9DDF5DC09DA6E
preflight/checkpoint_exact/h1/resumed/latest_checkpoint.json,281,AC6096A4309E1244BDBED36950B54ED6E32B7472D61C622DAC872A322DB3BD3A
preflight/checkpoint_exact/h1/resumed/states/checkpoint_00050.pkl.gz,65929,9A2E11B8ABBC44D65BC7942ECCE9D47E8C12F873CDC849167E422000E3D45641
preflight/checkpoint_exact/h1/resumed/states/checkpoint_00100.pkl.gz,72709,AA2C7D5B2743916A3D98462D042FFB1051465DFD9492A94BD5ED46A2C6B4D5CE
preflight/checkpoint_exact/h4_oracle/direct/data/decisions_00000_00099.parquet,166773,A33823C44D8A041C410C900D7E54A49251B3F1AE62FC4E465B46723A29A1360B
preflight/checkpoint_exact/h4_oracle/direct/data/events_00000_00099.parquet,131948,32D5C93D304251859F301250A57AF96609E9D9934E5F32CC8FAC89E6A97FDB4A
preflight/checkpoint_exact/h4_oracle/direct/data/steps_00000_00099.parquet,26145,A276EE23204E060DA91DFACED6141BAF5AA2F0E5EE3B8FB5D68556184871D595
preflight/checkpoint_exact/h4_oracle/direct/latest_checkpoint.json,294,F1CC29F0C8DC5D475170C3D98E36F235B13718C0CED62B7AE50878F60A4A51BC
preflight/checkpoint_exact/h4_oracle/direct/states/checkpoint_00100.pkl.gz,71338,CE4CA3BD2520FF9DD73104096C85BFA3B4F566734CEBFE04E33C8A3CB3630041
preflight/checkpoint_exact/h4_oracle/resumed/data/decisions_00000_00049.parquet,107520,9A0037F6BF9B618011743E62BE158E6298CE9D2F02F44DC1969724AEC2E37C3D
preflight/checkpoint_exact/h4_oracle/resumed/data/decisions_00050_00099.parquet,63227,38970239478A720216A4418726885232E722CC4367C8AFF7AEB25DA9087BD8E5
preflight/checkpoint_exact/h4_oracle/resumed/data/events_00000_00049.parquet,84896,E5CE6E48A6AE912AACA5353CCD518785B33197ED916218EBFCC91FC3F5BE6D52
preflight/checkpoint_exact/h4_oracle/resumed/data/events_00050_00099.parquet,47354,3CEAEA11B0D8F44DAB4D37D197C9020300FF1DF4FB12DFEBB08FD54A7C2A5B53
preflight/checkpoint_exact/h4_oracle/resumed/data/steps_00000_00049.parquet,19355,2452C47659BE945CAF5090C8F26A48FA14B071742E6223EB8D5C229A3D565C43
preflight/checkpoint_exact/h4_oracle/resumed/data/steps_00050_00099.parquet,19199,5C9F39627DB2D916A86134D732BC1485C846B46113772F8718F89A7025A85A39
preflight/checkpoint_exact/h4_oracle/resumed/latest_checkpoint.json,295,EB4543FEB2287A11DFFA3620E762B7ED97C22C0A53AEF6F8F996B7694EDC42BB
preflight/checkpoint_exact/h4_oracle/resumed/states/checkpoint_00050.pkl.gz,66058,7BE110E301D510BF0D15E5D8B8560E10EFE0D51F1B213400BA574AAC649DA8AC
preflight/checkpoint_exact/h4_oracle/resumed/states/checkpoint_00100.pkl.gz,72735,9FDFE6B73DE7305DCEF7B8347E8D5CF4F563275D67BCFF092E75A0CA39A7759E
preflight/preflight_controllers.csv,226,B76D09F63BF271E91775C79A75BD4E3F5DC901CD7F2B9F8D8B8733AC2E37BC97
preflight/preflight_result.json,1137,9399803D6A7EDF9CF4DB304CF34B003FA85D75528513753F32D3C3918AC7D5AF
raw/diagnostic_context.json,1828,2BB8F2FAB09C35C9891AF1F8910CE8C8A0A7CF0A3938430D1B454E3972F953C8
raw/final_console.json,6172,2501611B4D0695AA16D9EEDE723E222C2A282A2C5F1D3845DE4F848336FF7F00
raw/fixed_state_action_cost_gap.parquet,6660672,D5D4F3BC625851D83FC8F392C6E576C82F509ACA0E215F179420A6E633D1C82A
raw/h1/decisions.parquet,16613389,8441E10D555F399FE40336CC7B9E433B4C6032A5D6F05C678B493945769F04E7
raw/h1/events.parquet,13546577,D27979BCC0F850C57E5CA56AE8373264C07D735EDE7265B12E09E8DCD6485319
raw/h1/lifecycle.parquet,20128617,58774B61475D0803674318FE5C5F18556730AABA05068031AA35EA64DBDBD69B
raw/h1/steps.parquet,2457762,2FBF484FFDF8CE46910B574F9D40E201CB002D2F755C0B58B708563534AC6D24
raw/h4_oracle/decisions.parquet,16580652,2CAF4D57BB2FECE68B28A915E157B6C9B0BFA9BB06ED6B9987C6823CE80A4B01
raw/h4_oracle/events.parquet,13468408,C9704CCE14813A0B032727C9D5FAFE77C4FCB37D7265580F579A3C911100EB79
raw/h4_oracle/lifecycle.parquet,20135646,BCBF812DA2EE3E7260AAB6FACEECE7CB28C93DC2BE93E232584CB7C3A505B802
raw/h4_oracle/steps.parquet,2479101,26C909C91119CA3C54B448A96591E67F328B9C911661D582ED03422032EAE2FA
raw/paired_primary_steps.parquet,3679576,BF472D62EEF96F11A01CEFD0ED82F764140F8BB65585D8630BBFFBED566F83BA
raw/shadow_disagreement_correlation_summary.csv,488,D709957165BB7B6B0BCCA3FD13C1D04607DFE192B59420D2ACE8B94706EFB489
