window_type,step,new_task_count,queue_before_dispatch,queue_after_dispatch,overdue_queue_before_dispatch,cumulative_hard_sla_violations,running_task_count,used_cpu,used_gpu,used_memory,h1_status,h1_solve_ms,h1_terminal_backlog,h1_projected_sla_violations,h1_defer_actions,h1_integer_variables,h4_status,h4_solve_ms,h4_terminal_backlog,h4_projected_sla_violations,h4_defer_actions,h4_integer_variables
LOW_LOAD,2309,14,14,0,0,0,5025,155577.2,5965.800000000001,88872.74272379362,optimal,2.3991999914869666,0,0,0,84,optimal,1.9352000672370195,0,0,0,364
LOW_LOAD,2310,15,15,0,0,0,5023,155397.2,5954.800000000001,88822.4181867973,optimal,1.2314000632613897,0,0,0,90,optimal,1.8135999562218785,0,0,0,390
LOW_LOAD,2311,9,9,0,0,0,5004,155252.2,5935.800000000001,88592.5800295993,optimal,1.0807000799104571,0,0,0,54,optimal,1.627200050279498,0,0,0,234
LOW_LOAD,2312,17,17,0,0,0,5007,155320.2,5956.800000000001,88696.67575058388,optimal,1.1044000275433064,0,0,0,102,optimal,2.1089999936521053,0,0,0,442
LOW_LOAD,2313,16,16,0,0,0,5014,155234.2,5960.800000000001,88767.64504139799,optimal,1.1427999706938863,0,0,0,96,optimal,1.9266000017523766,0,0,0,416
LOW_LOAD,2314,14,14,0,0,0,5013,155310.2,5964.800000000001,88828.96853636173,optimal,1.0579999070614576,0,0,0,84,optimal,1.8719000509008765,0,0,0,364
LOW_LOAD,2315,16,16,0,0,0,5017,155478.2,5961.800000000001,88861.34603148552,optimal,1.2278000358492136,0,0,0,96,optimal,1.8666000105440617,0,0,0,416
LOW_LOAD,2316,14,14,0,0,0,5018,155574.2,5965.800000000001,88844.84688137853,optimal,1.0759999277070165,0,0,0,84,optimal,1.790400012396276,0,0,0,364
LOW_LOAD,2317,9,9,0,0,0,5015,155430.2,5954.800000000001,88788.0076865647,optimal,0.9881999576464295,0,0,0,54,optimal,1.4368999982252717,0,0,0,234
LOW_LOAD,2318,14,14,0,0,0,5016,155432.2,5955.800000000001,88794.25221543637,optimal,1.1073999339714646,0,0,0,84,optimal,1.8597999587655067,0,0,0,364
LOW_LOAD,2319,12,12,0,0,0,5017,155574.2,5963.800000000001,88844.62513362762,optimal,1.0047999676316977,0,0,0,72,optimal,1.6063000075519085,0,0,0,312
LOW_LOAD,2320,17,17,0,0,0,5019,155582.2,5966.800000000001,88858.4003374594,optimal,1.143899979069829,0,0,0,102,optimal,2.0267999498173594,0,0,0,442
LOW_LOAD,2321,14,14,0,0,0,5021,155545.2,5961.800000000001,88916.5589927212,optimal,1.0473000584170222,0,0,0,84,optimal,1.8837000243365765,0,0,0,364
LOW_LOAD,2322,22,22,0,0,0,5032,155618.2,5972.800000000001,89036.41130077408,optimal,1.2505999766290188,0,0,0,132,optimal,2.3760999320074916,0,0,0,572
LOW_LOAD,2323,10,10,0,0,0,5029,155588.2,5969.800000000001,88985.79832563539,optimal,3.008300089277327,0,0,0,60,optimal,1.4564000302925706,0,0,0,260
LOW_LOAD,2324,23,23,0,0,0,5037,155654.2,5977.800000000001,89099.82536320505,optimal,1.2234000023454428,0,0,0,138,optimal,2.264099894091487,0,0,0,598
MEDIUM_LOAD,2949,25,25,0,0,0,5332,162935.0,6333.300000000001,94365.58885637186,optimal,1.2172000715509057,0,0,0,150,optimal,3.704099915921688,0,0,0,650
MEDIUM_LOAD,2950,21,21,0,0,0,5326,163003.0,6331.300000000001,94265.59020765973,optimal,1.1761999921873212,0,0,0,126,optimal,2.0798000041395426,0,0,0,546
MEDIUM_LOAD,2951,25,25,0,0,0,5326,162615.0,6317.300000000001,94437.09525343252,optimal,1.197999925352633,0,0,0,150,optimal,2.3593000369146466,0,0,0,650
MEDIUM_LOAD,2952,17,17,0,0,0,5323,162555.0,6316.300000000001,94323.41320030572,optimal,1.0596000356599689,0,0,0,102,optimal,2.2854000562801957,0,0,0,442
MEDIUM_LOAD,2953,30,30,0,0,0,5332,163090.0,6352.300000000001,94483.0087584301,optimal,1.3240000698715448,0,0,0,180,optimal,2.655400079675019,0,0,0,780
MEDIUM_LOAD,2954,26,26,0,0,0,5332,162699.0,6325.300000000001,94388.14351918203,optimal,1.2391000054776669,0,0,0,156,optimal,2.355000004172325,0,0,0,676
MEDIUM_LOAD,2955,21,21,0,0,0,5332,162741.0,6328.300000000001,94462.4513501546,optimal,1.1915999930351973,0,0,0,126,optimal,2.1858999971300364,0,0,0,546
MEDIUM_LOAD,2956,23,23,0,0,0,5330,162894.0,6336.300000000001,94382.85479765333,optimal,1.2517999857664108,0,0,0,138,optimal,2.2565999533981085,0,0,0,598
MEDIUM_LOAD,2957,24,24,0,0,0,5333,163143.0,6350.300000000001,94475.58506072582,optimal,1.2142000487074256,0,0,0,144,optimal,2.3835001047700644,0,0,0,624
MEDIUM_LOAD,2958,29,29,0,0,0,5338,163205.0,6356.300000000001,94432.66056587186,optimal,1.394100021570921,0,0,0,174,optimal,2.49510002322495,0,0,0,754
MEDIUM_LOAD,2959,25,25,0,0,0,5341,163413.0,6377.300000000001,94509.02625453744,optimal,1.2863000156357884,0,0,0,150,optimal,2.407599939033389,0,0,0,650
MEDIUM_LOAD,2960,22,22,0,0,0,5335,163137.0,6367.300000000001,94405.01480219676,optimal,1.1439999798312783,0,0,0,132,optimal,2.0689000375568867,0,0,0,572
MEDIUM_LOAD,2961,27,27,0,0,0,5345,163475.0,6387.300000000001,94549.7838100426,optimal,1.344699994660914,0,0,0,162,optimal,2.6513999328017235,0,0,0,702
MEDIUM_LOAD,2962,16,16,0,0,0,5335,163360.0,6374.300000000001,94398.27386121693,optimal,1.1027998989447951,0,0,0,96,optimal,1.8351000035181642,0,0,0,416
MEDIUM_LOAD,2963,31,31,0,0,0,5344,163682.0,6385.300000000001,94552.33060342813,optimal,1.2610999401658773,0,0,0,186,optimal,3.0548000941053033,0,0,0,806
MEDIUM_LOAD,2964,18,18,0,0,0,5348,163940.0,6407.300000000001,94588.75560757218,optimal,1.0991999879479408,0,0,0,108,optimal,1.947999931871891,0,0,0,468
LONG_TASK_DENSE,7054,63,63,0,0,0,5679,169926.68000000002,6791.149999999999,113072.27446121191,optimal,1.7110999906435609,0,0,0,378,optimal,5.428300006315112,0,0,0,1638
LONG_TASK_DENSE,7055,116,116,0,0,0,5758,173223.68000000002,6871.149999999999,115340.78281822226,optimal,2.4480000138282776,0,0,0,696,optimal,8.811299921944737,0,0,0,3016
LONG_TASK_DENSE,7056,53,53,0,0,0,5769,174102.68000000002,6857.649999999999,115664.68509713076,optimal,1.5953999245539308,0,0,0,318,optimal,5.674800020642579,0,0,0,1378
LONG_TASK_DENSE,7057,22,22,0,0,0,5748,173348.68000000002,6823.149999999999,115394.59427720649,optimal,1.1355000315234065,0,0,0,132,optimal,2.217500004917383,0,0,0,572
LONG_TASK_DENSE,7058,97,97,0,0,0,5801,174520.68000000002,6852.849999999999,117484.36365963914,optimal,2.052999916486442,0,0,0,582,optimal,6.143699982203543,0,0,0,2522
LONG_TASK_DENSE,7059,30,30,0,0,0,5809,174703.68000000002,6868.249999999999,117621.28867660768,optimal,1.3268999755382538,0,0,0,180,optimal,2.5390000082552433,0,0,0,780
LONG_TASK_DENSE,7060,24,24,0,0,0,5792,174813.68000000002,6862.649999999999,117391.85758876672,optimal,1.1257999576628208,0,0,0,144,optimal,2.346999943256378,0,0,0,624
LONG_TASK_DENSE,7061,28,28,0,0,0,5785,174635.68000000002,6853.149999999999,117216.30053997392,optimal,1.270200009457767,0,0,0,168,optimal,2.5312999496236444,0,0,0,728
LONG_TASK_DENSE,7062,27,27,0,0,0,5786,174842.68000000002,6868.149999999999,117254.35199764659,optimal,1.1885999701917171,0,0,0,162,optimal,2.434500027447939,0,0,0,702
LONG_TASK_DENSE,7063,40,40,0,0,0,5798,175359.68000000002,6887.149999999999,117700.40555069545,optimal,1.4051999896764755,0,0,0,240,optimal,3.195099998265505,0,0,0,1040
LONG_TASK_DENSE,7064,33,33,0,0,0,5802,175921.68000000002,6923.649999999999,117861.27740312884,optimal,1.2901000445708632,0,0,0,198,optimal,2.848200034350157,0,0,0,858
LONG_TASK_DENSE,7065,36,36,0,0,0,5797,176065.68000000002,6938.649999999999,117609.17941858164,optimal,1.3540999498218298,0,0,0,216,optimal,3.0979999573901296,0,0,0,936
LONG_TASK_DENSE,7066,40,40,0,0,0,5801,176691.68000000002,6981.649999999999,117620.67307638892,optimal,1.3951000291854143,0,0,0,240,optimal,3.1681000255048275,0,0,0,1040
LONG_TASK_DENSE,7067,41,41,0,0,0,5809,177325.68000000002,7018.649999999999,117662.43628123477,optimal,1.3692000648006797,0,0,0,246,optimal,3.5421999637037516,0,0,0,1066
LONG_TASK_DENSE,7068,41,41,0,0,0,5811,177194.68000000002,7006.649999999999,117706.3081505651,optimal,1.5994999557733536,0,0,0,246,optimal,3.3273999579250813,0,0,0,1066
LONG_TASK_DENSE,7069,138,138,0,0,0,5906,179164.68000000002,7063.649999999999,120357.97317100884,optimal,2.692700014449656,0,0,0,828,optimal,9.905799990519881,0,0,0,3588
HIGH_LOAD,9144,103,103,0,0,0,6492,168656.68,7592.250000000001,129212.5840880514,optimal,2.127300016582012,0,0,0,618,optimal,6.721699959598482,0,0,0,2678
HIGH_LOAD,9145,81,81,0,0,0,6458,168469.68,7557.550000000001,128754.8002187035,optimal,1.9768000347539783,0,0,0,486,optimal,5.41649991646409,0,0,0,2106
HIGH_LOAD,9146,87,87,0,0,0,6447,168455.68,7545.250000000001,128643.85493895016,optimal,2.0952000049874187,0,0,0,522,optimal,6.068999995477498,0,0,0,2262
HIGH_LOAD,9147,114,114,0,0,0,6474,168505.68,7569.750000000001,128978.37759587914,optimal,2.3162999423220754,0,0,0,684,optimal,7.804099936038256,0,0,0,2964
HIGH_LOAD,9148,110,110,0,0,0,6486,168607.68,7589.55,129165.6258191848,optimal,2.3591999197378755,0,0,0,660,optimal,7.860800018534064,0,0,0,2860
HIGH_LOAD,9149,105,105,0,0,0,6469,168741.68,7586.05,128945.48056899224,optimal,2.218300011008978,0,0,0,630,optimal,8.092699921689928,0,0,0,2730
HIGH_LOAD,9150,101,101,0,0,0,6455,168249.68,7536.750000000001,128717.5025593894,optimal,2.1721000084653497,0,0,0,606,optimal,7.389900041744113,0,0,0,2626
HIGH_LOAD,9151,93,93,0,0,0,6447,168109.68,7533.050000000001,128615.36361347832,optimal,2.0866000559180975,0,0,0,558,optimal,6.1301999958232045,0,0,0,2418
HIGH_LOAD,9152,111,111,0,0,0,6453,168089.68,7549.050000000001,128757.3818408825,optimal,2.464899909682572,0,0,0,666,optimal,6.909300107508898,0,0,0,2886
HIGH_LOAD,9153,102,102,0,0,0,6454,168129.68,7555.250000000001,128753.60703493857,optimal,2.3234999971464276,0,0,0,612,optimal,6.558699999004602,0,0,0,2652
HIGH_LOAD,9154,87,87,0,0,0,6431,167951.68,7532.250000000001,128460.53658792122,optimal,2.0164999878033996,0,0,0,522,optimal,5.655699991621077,0,0,0,2262
HIGH_LOAD,9155,113,113,0,0,0,6442,168081.68,7548.550000000001,128550.9305604165,optimal,2.3361999774351716,0,0,0,678,optimal,7.593899965286255,0,0,0,2938
HIGH_LOAD,9156,97,97,0,0,0,6446,168364.68,7566.550000000001,128647.36728777461,optimal,2.128100022673607,0,0,0,582,optimal,6.26140006352216,0,0,0,2522
HIGH_LOAD,9157,93,93,0,0,0,6424,168401.68,7557.250000000001,128340.94319251044,optimal,2.326300018467009,0,0,0,558,optimal,6.464299978688359,0,0,0,2418
HIGH_LOAD,9158,121,121,0,0,0,6445,169082.68,7606.250000000001,128595.25100052661,optimal,2.4124999763444066,0,0,0,726,optimal,8.206699974834919,0,0,0,3146
HIGH_LOAD,9159,146,146,0,0,0,6495,170751.68,7710.250000000001,129192.71000158212,optimal,2.7216000016778708,0,0,0,876,optimal,12.756200041621923,0,0,0,3796
