checkpoint_step,path,bytes,sha256,complete_runtime_state,rng_state_saved,committed_chunk_count_at_or_before
250,artifacts/mpc_expert_dataset_v3/checkpoints/scenario_b/formal_native_medium_v3/states/checkpoint_00250.pkl.gz,86411,8435DBBB2B8CF83DA24B16B34DB09B0F433E5C04ABBD714D4A415AFC3EC634FA,True,True,6
500,artifacts/mpc_expert_dataset_v3/checkpoints/scenario_b/formal_native_medium_v3/states/checkpoint_00500.pkl.gz,86064,331E469D8AF87A54A98A9DE0B96D7AFE390888E2EB590D53F6E576FA837D6F51,True,True,12
750,artifacts/mpc_expert_dataset_v3/checkpoints/scenario_b/formal_native_medium_v3/states/checkpoint_00750.pkl.gz,91214,FF12B03D9869F271AA8DF117081216F3640568A7CA0ECB21189A14F25417B50C,True,True,18
1000,artifacts/mpc_expert_dataset_v3/checkpoints/scenario_b/formal_native_medium_v3/states/checkpoint_01000.pkl.gz,90256,D52FA0B3E463088CAA28B144A6E1403E5FC999EAF08D4481CA6AE2C72FB94724,True,True,24
1250,artifacts/mpc_expert_dataset_v3/checkpoints/scenario_b/formal_native_medium_v3/states/checkpoint_01250.pkl.gz,94435,524190A822A2E944756F548FCA38E0F0B1B56CFC08A4280C0817FC066F83D3A7,True,True,30
1500,artifacts/mpc_expert_dataset_v3/checkpoints/scenario_b/formal_native_medium_v3/states/checkpoint_01500.pkl.gz,95846,1087AEEFB954E145AE1F150B6CB52E36B53779D7D82D2487B6FCF243A4066F57,True,True,36
1750,artifacts/mpc_expert_dataset_v3/checkpoints/scenario_b/formal_native_medium_v3/states/checkpoint_01750.pkl.gz,96081,C7216CF36767F0C66CAA29C9214F67CC89B64BBC895EEFCE07E643AEB2194EBE,True,True,42
2000,artifacts/mpc_expert_dataset_v3/checkpoints/scenario_b/formal_native_medium_v3/states/checkpoint_02000.pkl.gz,103874,F4B439A099A0A2A5CC1F1672DA69374EB473906B1FFF0D32F5388935F18A79DF,True,True,48
2250,artifacts/mpc_expert_dataset_v3/checkpoints/scenario_b/formal_native_medium_v3/states/checkpoint_02250.pkl.gz,104404,7D9E603B778E97F1A3AF2FEFCB9B73C707F47DD3881855E00FFD13B1E936924B,True,True,54
2500,artifacts/mpc_expert_dataset_v3/checkpoints/scenario_b/formal_native_medium_v3/states/checkpoint_02500.pkl.gz,107569,DC13B5E72344DE08F13043702E99879DAB92CA0D7F526C72C5694F1DD2BB68DE,True,True,60
2750,artifacts/mpc_expert_dataset_v3/checkpoints/scenario_b/formal_native_medium_v3/states/checkpoint_02750.pkl.gz,112124,09405D1EB2B695521BF11E6DD2528416B35C32B9EC14B29A37E5ECC59424464B,True,True,66
3000,artifacts/mpc_expert_dataset_v3/checkpoints/scenario_b/formal_native_medium_v3/states/checkpoint_03000.pkl.gz,112443,BBBF6C9E0E91325C2F62D8FD933FF1DB35AAAE3F74F16EBF3E723487BDBE9BC8,True,True,72
3250,artifacts/mpc_expert_dataset_v3/checkpoints/scenario_b/formal_native_medium_v3/states/checkpoint_03250.pkl.gz,119524,DFEF47C217AE8D11B8BE1A4585BAE99389638FCC627394C188551C7216496751,True,True,78
3500,artifacts/mpc_expert_dataset_v3/checkpoints/scenario_b/formal_native_medium_v3/states/checkpoint_03500.pkl.gz,118393,2AE8A5DA3F4351AD78AE8C7F878AD8B69D1CDD7662B82E32B20931D50F128452,True,True,84
3750,artifacts/mpc_expert_dataset_v3/checkpoints/scenario_b/formal_native_medium_v3/states/checkpoint_03750.pkl.gz,121364,BE8D57B41C753F5CED4FFF41B4438011B2F96B1CAEA377A7FFA2503955233B63,True,True,90
4000,artifacts/mpc_expert_dataset_v3/checkpoints/scenario_b/formal_native_medium_v3/states/checkpoint_04000.pkl.gz,124798,46925ED8A1E907CEEBD9D128652C1E95244A1A833BE1CD3339060897078A4D01,True,True,96
4250,artifacts/mpc_expert_dataset_v3/checkpoints/scenario_b/formal_native_medium_v3/states/checkpoint_04250.pkl.gz,125794,F9A13FE58FA9DD66A250EEEC773D132BBEC94FD9332281BC31A05D15752DB585,True,True,102
4500,artifacts/mpc_expert_dataset_v3/checkpoints/scenario_b/formal_native_medium_v3/states/checkpoint_04500.pkl.gz,132085,E9338EE5273D4BF3D3C637B71DC46B1F2D8BA684A0A4937105A1BC9EBBB95CD6,True,True,108
4750,artifacts/mpc_expert_dataset_v3/checkpoints/scenario_b/formal_native_medium_v3/states/checkpoint_04750.pkl.gz,133675,F83C2E0EC47BF67931C366DCBD6BFBDFC045291D7F5B2801079DC3B403CFB599,True,True,114
5000,artifacts/mpc_expert_dataset_v3/checkpoints/scenario_b/formal_native_medium_v3/states/checkpoint_05000.pkl.gz,133751,F6EFB21BB5BC8C9120EE18B4281406E5C9B47C37C31B8C74CF261D8FD0BD3232,True,True,120
5250,artifacts/mpc_expert_dataset_v3/checkpoints/scenario_b/formal_native_medium_v3/states/checkpoint_05250.pkl.gz,139732,87008B64DC54F3ADF4EBA8D082193C0B38592AD374A265A2826A8A4B6C350F9B,True,True,126
5500,artifacts/mpc_expert_dataset_v3/checkpoints/scenario_b/formal_native_medium_v3/states/checkpoint_05500.pkl.gz,139776,0A319DF28EC1F745C7C06E8260E59AB2B959EC30E526640438406C1D23FC33B6,True,True,132
5750,artifacts/mpc_expert_dataset_v3/checkpoints/scenario_b/formal_native_medium_v3/states/checkpoint_05750.pkl.gz,145500,BB4993E2B1C0FA0B262CD5B3EF5A22B3D2E23BFF88CA8A41B1AB1386C9C37169,True,True,138
6000,artifacts/mpc_expert_dataset_v3/checkpoints/scenario_b/formal_native_medium_v3/states/checkpoint_06000.pkl.gz,146209,9EBF88E66AF82DB41BDD436C9509D08B08781A0A4CB0D0DA96483EE4ADAF63BC,True,True,144
6250,artifacts/mpc_expert_dataset_v3/checkpoints/scenario_b/formal_native_medium_v3/states/checkpoint_06250.pkl.gz,144017,B0FDE76ADFFB6B33F9855A61A265C2207AE844C29DA147E4E66CF7C3B215B0D4,True,True,150
6500,artifacts/mpc_expert_dataset_v3/checkpoints/scenario_b/formal_native_medium_v3/states/checkpoint_06500.pkl.gz,146456,BE74B0E6D172DE4C979B6EC514D2DFF836F2C9D3DF4FC068552CAE4C2815F48F,True,True,156
6750,artifacts/mpc_expert_dataset_v3/checkpoints/scenario_b/formal_native_medium_v3/states/checkpoint_06750.pkl.gz,143283,C75491314B019871634AAB6588E62D98F106613CD049C333C9EAE447810E3D3A,True,True,162
7000,artifacts/mpc_expert_dataset_v3/checkpoints/scenario_b/formal_native_medium_v3/states/checkpoint_07000.pkl.gz,146096,E495C7B7DF74404F3D34F4D8E8B2B7D831E18A8E113250019FC0CECA901FE3FA,True,True,168
7250,artifacts/mpc_expert_dataset_v3/checkpoints/scenario_b/formal_native_medium_v3/states/checkpoint_07250.pkl.gz,142102,39F275873DE9EB053B345FD135974F5C681670D99E35E3D7E4A32E4810797531,True,True,174
7500,artifacts/mpc_expert_dataset_v3/checkpoints/scenario_b/formal_native_medium_v3/states/checkpoint_07500.pkl.gz,141746,48E44C5F3F5F3647F8D87A5E5C9A5D2FF3B0374EB19F709580BD5DF2D2C0AE19,True,True,180
7750,artifacts/mpc_expert_dataset_v3/checkpoints/scenario_b/formal_native_medium_v3/states/checkpoint_07750.pkl.gz,145839,1860C4359B101E22DD3F5164E68EA2D66A72C66F7BBC794723ADF6105A93942B,True,True,186
8000,artifacts/mpc_expert_dataset_v3/checkpoints/scenario_b/formal_native_medium_v3/states/checkpoint_08000.pkl.gz,143412,EC21951EF5A82586D6EE89A352F54E07A07100403443E8FBF00C705A491211FB,True,True,192
8250,artifacts/mpc_expert_dataset_v3/checkpoints/scenario_b/formal_native_medium_v3/states/checkpoint_08250.pkl.gz,149446,2E8FCB5B55E43E25433D5167FB16139A357776DC12CBE5AFAA088030180A085E,True,True,198
8500,artifacts/mpc_expert_dataset_v3/checkpoints/scenario_b/formal_native_medium_v3/states/checkpoint_08500.pkl.gz,149175,9FC892B72DD4DE192043CAF7A4C05272D198F6FF2E4F9814583B04F803262245,True,True,204
8750,artifacts/mpc_expert_dataset_v3/checkpoints/scenario_b/formal_native_medium_v3/states/checkpoint_08750.pkl.gz,150494,5AF93AE4FB8E836DB6DA97BA8BFF212050CADC79F211C53D8F22D206BC39DF18,True,True,210
9000,artifacts/mpc_expert_dataset_v3/checkpoints/scenario_b/formal_native_medium_v3/states/checkpoint_09000.pkl.gz,163580,79837C9F7C9C6A820090E7DF1EC4EB4E06846BF9DBE7718CC38EA6C687DE1416,True,True,216
9250,artifacts/mpc_expert_dataset_v3/checkpoints/scenario_b/formal_native_medium_v3/states/checkpoint_09250.pkl.gz,150757,EA52314B8F77304B0C88BEB0E0D5C7558A4FD998AAC03578D820B52B32D69000,True,True,222
9500,artifacts/mpc_expert_dataset_v3/checkpoints/scenario_b/formal_native_medium_v3/states/checkpoint_09500.pkl.gz,148314,308F27B7CF315F6A79ABE200321D654E9D8DD3799A49DA1EE26388817F68201E,True,True,228
9750,artifacts/mpc_expert_dataset_v3/checkpoints/scenario_b/formal_native_medium_v3/states/checkpoint_09750.pkl.gz,147729,42F6ECDE68F36BC21295FC940D97C20BB3C271DA1C17F5F318374A66AC9FF94E,True,True,234
10000,artifacts/mpc_expert_dataset_v3/checkpoints/scenario_b/formal_native_medium_v3/states/checkpoint_10000.pkl.gz,144197,F0AD30244C43B90E9771D43B3F5F689398934C1A269AD3C9792AE27802DCF899,True,True,240
10250,artifacts/mpc_expert_dataset_v3/checkpoints/scenario_b/formal_native_medium_v3/states/checkpoint_10250.pkl.gz,148223,E6063F558291D6189E03938CFE757BC272E5958FF6882B3C8D0849F858C473C7,True,True,246
10500,artifacts/mpc_expert_dataset_v3/checkpoints/scenario_b/formal_native_medium_v3/states/checkpoint_10500.pkl.gz,145473,29ACED32920365F3881A8F507569893A8F2FF9A9640B4BB3CFC554A7183542CA,True,True,252
10750,artifacts/mpc_expert_dataset_v3/checkpoints/scenario_b/formal_native_medium_v3/states/checkpoint_10750.pkl.gz,148414,AC8D1831B6B2D9C3D83185422F7609DD9192D0345995F9798F9829C0398A1404,True,True,258
11000,artifacts/mpc_expert_dataset_v3/checkpoints/scenario_b/formal_native_medium_v3/states/checkpoint_11000.pkl.gz,145401,E3857AB491F3DC715CF2451147ACCEB6AA7E5625078520FD2782E9116D6D2AD9,True,True,264
11250,artifacts/mpc_expert_dataset_v3/checkpoints/scenario_b/formal_native_medium_v3/states/checkpoint_11250.pkl.gz,145793,2F21F853C542F6FA5E2CC9ECA6D19DBA66B1B417873FA0791A597A0A12F0940B,True,True,270
11500,artifacts/mpc_expert_dataset_v3/checkpoints/scenario_b/formal_native_medium_v3/states/checkpoint_11500.pkl.gz,146162,51FF10949A0A7CE8CCDC7E31E70DFEA24856CE93265F8B09DE5A58B4BAD5599B,True,True,276
11750,artifacts/mpc_expert_dataset_v3/checkpoints/scenario_b/formal_native_medium_v3/states/checkpoint_11750.pkl.gz,144627,CF9B6D3B1B43C0BBBC3CD31980F497F5D90F4A501647A9B8C6A934B708C23F54,True,True,282
12000,artifacts/mpc_expert_dataset_v3/checkpoints/scenario_b/formal_native_medium_v3/states/checkpoint_12000.pkl.gz,146551,CF7A0DAEC2061B2AF24FEEA97BACAAA45993471122B75AB44B37939539F850FF,True,True,288
12250,artifacts/mpc_expert_dataset_v3/checkpoints/scenario_b/formal_native_medium_v3/states/checkpoint_12250.pkl.gz,147382,863BAE1C8386EA7D981D7F9DF4BCAC1E2290499240589E4D5175B613B062A51A,True,True,294
12500,artifacts/mpc_expert_dataset_v3/checkpoints/scenario_b/formal_native_medium_v3/states/checkpoint_12500.pkl.gz,147434,7CD18A84DB97443FF28183090F414E334B5A897CEF5291C845D97CE698475007,True,True,300
12750,artifacts/mpc_expert_dataset_v3/checkpoints/scenario_b/formal_native_medium_v3/states/checkpoint_12750.pkl.gz,147115,74D7BE1D593603CF084D7DE5EB632DE9F66EF9B09C877167FD37257EDB881566,True,True,306
13000,artifacts/mpc_expert_dataset_v3/checkpoints/scenario_b/formal_native_medium_v3/states/checkpoint_13000.pkl.gz,146206,D63173A66B8C7E56BC92F7E3BB8AF983D4D6173287C786D99D80608E97705986,True,True,312
13250,artifacts/mpc_expert_dataset_v3/checkpoints/scenario_b/formal_native_medium_v3/states/checkpoint_13250.pkl.gz,142944,A8B3B822F28A8568BDED80B885F1DDAE6296C0CC52D4D9085F928FADA2A768F5,True,True,318
13500,artifacts/mpc_expert_dataset_v3/checkpoints/scenario_b/formal_native_medium_v3/states/checkpoint_13500.pkl.gz,148263,9E7640980A88BF69DBF25A7BC1E6AA7E28C9CADB339E29F9E6143E4CA4088E3B,True,True,324
13750,artifacts/mpc_expert_dataset_v3/checkpoints/scenario_b/formal_native_medium_v3/states/checkpoint_13750.pkl.gz,141127,9E4CBB430969106E2977211AC234136D0871789DB7F461B09BA676D45F354421,True,True,330
14000,artifacts/mpc_expert_dataset_v3/checkpoints/scenario_b/formal_native_medium_v3/states/checkpoint_14000.pkl.gz,139358,A588FF0D8E1FF1803063F9EA3B1F5AB6A8BDE753C7836DEE51ABA321850B7B33,True,True,336
14250,artifacts/mpc_expert_dataset_v3/checkpoints/scenario_b/formal_native_medium_v3/states/checkpoint_14250.pkl.gz,138882,70C7DCCABEB0B06AD2EEDCEF0E8A4609B00DB7DF7F458D9561D1B8288346C434,True,True,342
14500,artifacts/mpc_expert_dataset_v3/checkpoints/scenario_b/formal_native_medium_v3/states/checkpoint_14500.pkl.gz,137144,05E1D05830018A23D2B0304D3D2BDE4212733AACCCDEF417594D26F753C6AFFF,True,True,348
14750,artifacts/mpc_expert_dataset_v3/checkpoints/scenario_b/formal_native_medium_v3/states/checkpoint_14750.pkl.gz,141058,A79B1456B238E0785C9002DF9590A35450BBE6F0DFB121EB2D14E5C058EA394D,True,True,354
15000,artifacts/mpc_expert_dataset_v3/checkpoints/scenario_b/formal_native_medium_v3/states/checkpoint_15000.pkl.gz,140212,EAA5C5E55F950EBAC0439F582862746CF0D5FA4DED20802BDCA35315ED58DC69,True,True,360
15250,artifacts/mpc_expert_dataset_v3/checkpoints/scenario_b/formal_native_medium_v3/states/checkpoint_15250.pkl.gz,142425,4CE8129AEE021290A595372A9288CB3B83C3FD2A9AC19A8079B7693A44CEA2E3,True,True,366
15500,artifacts/mpc_expert_dataset_v3/checkpoints/scenario_b/formal_native_medium_v3/states/checkpoint_15500.pkl.gz,140851,7556DC1B2BB10C20F35E0BF56342B1D9433CC6A982D67DFC0E64CE1BE940D708,True,True,372
15750,artifacts/mpc_expert_dataset_v3/checkpoints/scenario_b/formal_native_medium_v3/states/checkpoint_15750.pkl.gz,140864,5D777199954EA48ECFD82A2CA7A14881597A772DA68E2D6A68920A188E160636,True,True,378
16000,artifacts/mpc_expert_dataset_v3/checkpoints/scenario_b/formal_native_medium_v3/states/checkpoint_16000.pkl.gz,137473,0F516C9241BDDBE66934917652C4E964B4A7C118F63A456202EE25FDEFB40563,True,True,384
16250,artifacts/mpc_expert_dataset_v3/checkpoints/scenario_b/formal_native_medium_v3/states/checkpoint_16250.pkl.gz,134834,74DEC6507F5EA98898D17898506338067CD982246F61CE478D7B51B62EA98D8A,True,True,390
16500,artifacts/mpc_expert_dataset_v3/checkpoints/scenario_b/formal_native_medium_v3/states/checkpoint_16500.pkl.gz,136529,71F370658FA6F801760828140241779367E9AEEE4B13221F3ED96DF13087BF58,True,True,396
16750,artifacts/mpc_expert_dataset_v3/checkpoints/scenario_b/formal_native_medium_v3/states/checkpoint_16750.pkl.gz,131991,009E3B8CC6E35ECD73DBD6C8A77ADC8DDA4A7163CB5A24ABBAEE329551B05CD5,True,True,402
17000,artifacts/mpc_expert_dataset_v3/checkpoints/scenario_b/formal_native_medium_v3/states/checkpoint_17000.pkl.gz,129684,314C91B658A2BDD69B6FA802F6B74A4E05BBCF484DC64CF09ED9D1202E99005C,True,True,408
17250,artifacts/mpc_expert_dataset_v3/checkpoints/scenario_b/formal_native_medium_v3/states/checkpoint_17250.pkl.gz,130711,90856A9E51F503380F67EADD7987E1585F84CF052D635EA06CB214756205B5D9,True,True,414
17500,artifacts/mpc_expert_dataset_v3/checkpoints/scenario_b/formal_native_medium_v3/states/checkpoint_17500.pkl.gz,125839,FD9F8784B54F6B7C9354CA2FD1A05A1F16C6361575A2E5F90596E84CC4002A9F,True,True,420
17670,artifacts/mpc_expert_dataset_v3/checkpoints/scenario_b/formal_native_medium_v3/states/checkpoint_17670.pkl.gz,36675,B456D52FE6F5C04FE81C1018910D387236ABBFBDE396BC112B35C973CAFBABF9,True,True,426
